url,fecha,tipo,texto,hashtags,likes,comentarios,cuenta,engagement,texto_largo,engagement_por_palabra
https://www.instagram.com/b3tterrunclubb/p/DBbE-sRItNy/,2024-10-22 10:29:06+00:00,imagen,,,,18,b3tterrunclubb,18.0,0,18.0
https://www.instagram.com/b3tterrunclubb/p/DCWmTKUtGlR/,2024-11-14 13:15:26+00:00,imagen,,,,7,b3tterrunclubb,7.0,0,7.0
https://www.instagram.com/b3tterrunclubb/p/DGTIcvdtDAj/,2025-02-20 15:02:28+00:00,imagen,,,,7,b3tterrunclubb,7.0,0,7.0
https://www.instagram.com/b3tterrunclubb/p/DF8IlHKtCZ4/,2025-02-11 16:41:04+00:00,imagen,,,,4,b3tterrunclubb,4.0,0,4.0
https://www.instagram.com/b3tterrunclubb/p/DEHqqgJtmsA/,2024-12-28 11:07:46+00:00,imagen,,,,8,b3tterrunclubb,8.0,0,8.0
https://www.instagram.com/clanrunning/p/DJlFxT9o2GQ/,2025-05-13 03:59:34+00:00,video,,,,3,clanrunning,3.0,0,3.0
https://www.instagram.com/clanrunning/p/DJyAYCtIj90/,2025-05-18 04:22:33+00:00,imagen,,,,16,clanrunning,16.0,0,16.0
https://www.instagram.com/clanrunning/p/DJwQQobN8DV/,2025-05-17 12:02:52+00:00,imagen,,,,5,clanrunning,5.0,0,5.0
https://www.instagram.com/clanrunning/p/DJ0uZaLN6za/,2025-05-19 05:43:10+00:00,imagen,,,,9,clanrunning,9.0,0,9.0
https://www.instagram.com/clanrunning/p/DJuQnW_NW9U/,2025-05-16 17:27:29+00:00,imagen,,,,6,clanrunning,6.0,0,6.0
https://www.instagram.com/clanrunning/p/DJeWNtgtkVp/,2025-05-10 13:08:34+00:00,imagen,,,,9,clanrunning,9.0,0,9.0
https://www.instagram.com/clanrunning/p/DJnp3_6IhpC/,2025-05-14 03:53:32+00:00,imagen,,,,9,clanrunning,9.0,0,9.0
https://www.instagram.com/clanrunning/p/DJrOBf8tU9q/,2025-05-15 13:07:07+00:00,imagen,,,,7,clanrunning,7.0,0,7.0
https://www.instagram.com/clanrunning/p/DJay5zeI-Gx/,2025-05-09 04:02:18+00:00,imagen,,,,9,clanrunning,9.0,0,9.0
https://www.instagram.com/clanrunning/p/DJihxUNIGyK/,2025-05-12 04:06:31+00:00,imagen,,,,9,clanrunning,9.0,0,9.0
https://www.instagram.com/coolgirlsrun.co/p/DJsWg_KuC4U/,2025-05-15 23:40:34+00:00,imagen,,,,3,coolgirlsrun.co,3.0,0,3.0
https://www.instagram.com/coolgirlsrun.co/p/DJmhvOJuXBH/,2025-05-13 17:23:11+00:00,imagen,,,,2,coolgirlsrun.co,2.0,0,2.0
https://www.instagram.com/coolgirlsrun.co/p/DG8yNo7OJFT/,2025-03-08 19:16:16+00:00,imagen,,,,17,coolgirlsrun.co,17.0,0,17.0
https://www.instagram.com/coolgirlsrun.co/p/DI2nIXQO4zv/,2025-04-25 02:46:46+00:00,imagen,,,,0,coolgirlsrun.co,0.0,0,0.0
https://www.instagram.com/portacafe/p/DIJrNptOluK/,2025-04-07 15:56:37+00:00,imagen,,,,6,coolgirlsrun.co,6.0,0,6.0
https://www.instagram.com/coolgirlsrun.co/p/DHUYnFQu70T/,2025-03-17 23:14:19+00:00,imagen,,,,0,coolgirlsrun.co,0.0,0,0.0
https://www.instagram.com/coolgirlsrun.co/p/DH7PjrCOYNA/,2025-04-02 01:25:35+00:00,imagen,,,,17,coolgirlsrun.co,17.0,0,17.0
https://www.instagram.com/coolgirlsrun.co/p/DHO456dO5uz/,2025-03-15 20:01:04+00:00,video,,,,0,coolgirlsrun.co,0.0,0,0.0
https://www.instagram.com/coolgirlsrun.co/p/DG1M3pYhNEp/,2025-03-05 20:35:16+00:00,imagen,,,,4,coolgirlsrun.co,4.0,0,4.0
https://www.instagram.com/coolgirlsrun.co/p/DIcjyuFuHPn/,2025-04-14 23:57:51+00:00,imagen,,,,7,coolgirlsrun.co,7.0,0,7.0
https://www.instagram.com/estesorunners/p/DF5zFvNozOc/,2025-02-10 18:54:48+00:00,imagen,,,,1,estesorunners,1.0,0,1.0
https://www.instagram.com/juancarlosesteso/p/DFilaF8uUiQ/,2025-02-01 18:32:43+00:00,imagen,,,,2,estesorunners,2.0,0,2.0
https://www.instagram.com/estesorunners/p/DGEHwDAoUUq/,2025-02-14 19:07:45+00:00,imagen,,,,1,estesorunners,1.0,0,1.0
https://www.instagram.com/estesorunners/p/DHLdO5JoeFI/,2025-03-14 12:01:32+00:00,imagen,,,,5,estesorunners,5.0,0,5.0
https://www.instagram.com/estesorunners/p/DIJCbAco_a-/,2025-04-07 10:00:00+00:00,imagen,,,,2,estesorunners,2.0,0,2.0
https://www.instagram.com/estesorunners/p/DITZEG2IpK9/,2025-04-11 10:30:00+00:00,imagen,,,,4,estesorunners,4.0,0,4.0
https://www.instagram.com/estesorunners/p/DFlNbvZIAV2/,2025-02-02 19:00:00+00:00,imagen,,,,2,estesorunners,2.0,0,2.0
https://www.instagram.com/elchenightrace/p/DFGd6droTsO/,2025-01-21 20:28:30+00:00,imagen,,,,2,estesorunners,2.0,0,2.0
https://www.instagram.com/estesorunners/p/DJHyRjbIG_c/,2025-05-01 18:51:45+00:00,imagen,,,,0,estesorunners,0.0,0,0.0
https://www.instagram.com/estesorunners/p/DGgqP2YI8-o/,2025-02-25 21:07:55+00:00,imagen,,,,5,estesorunners,5.0,0,5.0
https://www.instagram.com/goforthrunners/p/DGgbnBvtCzp/,2025-02-25 19:00:00+00:00,imagen,,,,5,goforthrunners,5.0,0,5.0
https://www.instagram.com/goforthrunners/p/DIwkun8INLu/,2025-04-22 18:30:00+00:00,imagen,,,,1,goforthrunners,1.0,0,1.0
https://www.instagram.com/runningandwine_fest/p/DGtXE-IImxx/,2025-03-02 20:51:20+00:00,imagen,,,,16,goforthrunners,16.0,0,16.0
https://www.instagram.com/goforthrunners/p/DGDQ_zGtwqI/,2025-02-14 11:09:18+00:00,imagen,,,,10,goforthrunners,10.0,0,10.0
https://www.instagram.com/goforthrunners/p/DJhTqS-ocbX/,2025-05-11 16:43:59+00:00,imagen,,,,3,goforthrunners,3.0,0,3.0
https://www.instagram.com/goforthrunners/p/DHZJAT9oQYp/,2025-03-19 19:34:09+00:00,imagen,,,,3,goforthrunners,3.0,0,3.0
https://www.instagram.com/goforthrunners/p/DFs6DGcNq2i/,2025-02-05 18:45:00+00:00,imagen,,,,0,goforthrunners,0.0,0,0.0
https://www.instagram.com/goforthrunners/p/DI4Ps3goruq/,2025-04-25 18:00:00+00:00,imagen,,,,0,goforthrunners,0.0,0,0.0
https://www.instagram.com/goforthrunners/p/DIRsCztIhe1/,2025-04-10 18:37:48+00:00,imagen,,,,2,goforthrunners,2.0,0,2.0
https://www.instagram.com/goforthrunners/p/DJ4kJJUIEZG/,2025-05-20 18:00:00+00:00,imagen,,,,0,goforthrunners,0.0,0,0.0
https://www.instagram.com/hybnrun/p/DJj9y8IMssX/,2025-05-12 17:30:38+00:00,imagen,,,,0,hybnrun,0.0,0,0.0
https://www.instagram.com/hybnrun/p/DIru1ZpsJR7/,2025-04-20 21:22:26+00:00,imagen,,,,0,hybnrun,0.0,0,0.0
https://www.instagram.com/hybnrun/p/DJKv89qMOJl/,2025-05-02 22:29:28+00:00,imagen,,,,17,hybnrun,17.0,0,17.0
https://www.instagram.com/hybnrun/p/DI5iwJgsRla/,2025-04-26 06:06:14+00:00,imagen,,,,0,hybnrun,0.0,0,0.0
https://www.instagram.com/hybnrun/p/DIzaGSJs3ae/,2025-04-23 20:55:10+00:00,imagen,,,,0,hybnrun,0.0,0,0.0
https://www.instagram.com/hybnrun/p/DIlOLhts2fm/,2025-04-18 08:41:39+00:00,imagen,,,,0,hybnrun,0.0,0,0.0
https://www.instagram.com/hybnrun/p/DI9mWM_s6o0/,2025-04-27 19:54:36+00:00,imagen,,,,0,hybnrun,0.0,0,0.0
https://www.instagram.com/hybnrun/p/DH_0XNEM6Po/,2025-04-03 20:04:09+00:00,imagen,,,,1,hybnrun,1.0,0,1.0
https://www.instagram.com/hybnrun/p/DJsPsFssazV/,2025-05-15 22:40:55+00:00,imagen,,,,3,hybnrun,3.0,0,3.0
https://www.instagram.com/hybnrun/p/DH1Sa4VMqbp/,2025-03-30 17:55:09+00:00,imagen,,,,1,hybnrun,1.0,0,1.0
https://www.instagram.com/kilometrouno_/p/DJn8e4pK_Xp/,2025-05-14 06:42:13+00:00,imagen,,,,0,kilometrouno_,0.0,0,0.0
https://www.instagram.com/kilometrouno_/p/DI5zpc9qwsV/,2025-04-26 08:33:52+00:00,imagen,,,,1,kilometrouno_,1.0,0,1.0
https://www.instagram.com/kilometrouno_/p/DIPLH0VKgwS/,2025-04-10 18:43:18+00:00,imagen,,,,5,kilometrouno_,5.0,0,5.0
https://www.instagram.com/kilometrouno_/p/DJCsREZq6sf/,2025-04-29 19:22:32+00:00,imagen,,,,4,kilometrouno_,4.0,0,4.0
https://www.instagram.com/kilometrouno_/p/DJKRo0fqPhL/,2025-05-02 18:03:46+00:00,imagen,,,,4,kilometrouno_,4.0,0,4.0
https://www.instagram.com/kilometrouno_/p/DIRyg75KKvV/,2025-04-10 20:39:40+00:00,imagen,,,,0,kilometrouno_,0.0,0,0.0
https://www.instagram.com/kilometrouno_/p/DIUAEODqt4u/,2025-04-11 16:11:14+00:00,imagen,,,,0,kilometrouno_,0.0,0,0.0
https://www.instagram.com/kilometrouno_/p/DIiTXaVqZq6/,2025-04-17 05:29:15+00:00,imagen,,,,0,kilometrouno_,0.0,0,0.0
https://www.instagram.com/kilometrouno_/p/DJziBQut2yj/,2025-05-18 18:35:00+00:00,imagen,,,,4,kilometrouno_,4.0,0,4.0
https://www.instagram.com/kilometrouno_/p/DIQcVUQKNwM/,2025-04-10 07:01:16+00:00,imagen,,,,3,kilometrouno_,3.0,0,3.0
https://www.instagram.com/madeforsocialrunclub/p/DJ2CjTPISN9/,2025-05-19 17:58:32+00:00,imagen,,,,14,madeforsocialrunclub,14.0,0,14.0
https://www.instagram.com/madeforsocialrunclub/p/DJPbhgNp2mN/,2025-05-04 18:06:21+00:00,imagen,,,,16,madeforsocialrunclub,16.0,0,16.0
https://www.instagram.com/madeforsocialrunclub/p/DIMeaj7I2TW/,2025-04-08 18:02:30+00:00,imagen,,,,23,madeforsocialrunclub,23.0,0,23.0
https://www.instagram.com/madeforsocialrunclub/p/DIrXwGKJu-L/,2025-04-20 18:00:44+00:00,imagen,,,,13,madeforsocialrunclub,13.0,0,13.0
https://www.instagram.com/madeforsocialrunclub/p/DJmk3S8I7k7/,2025-05-13 17:50:30+00:00,imagen,,,,13,madeforsocialrunclub,13.0,0,13.0
https://www.instagram.com/madeforsocialrunclub/p/DI9Z9frpJIf/,2025-04-27 18:06:22+00:00,imagen,,,,12,madeforsocialrunclub,12.0,0,12.0
https://www.instagram.com/madeforsocialrunclub/p/DIZY9jnI1jM/,2025-04-13 18:26:00+00:00,video,,,,14,madeforsocialrunclub,14.0,0,14.0
https://www.instagram.com/madeforsocialrunclub/p/DKAVbQyJ4J1/,2025-05-23 17:55:52+00:00,imagen,,,,0,madeforsocialrunclub,0.0,0,0.0
https://www.instagram.com/madeforsocialrunclub/p/DIJ7Np2p4sU/,2025-04-07 18:18:52+00:00,imagen,,,,11,madeforsocialrunclub,11.0,0,11.0
https://www.instagram.com/madeforsocialrunclub/p/DJ4ncTYJ28A/,2025-05-20 17:59:22+00:00,imagen,,,,24,madeforsocialrunclub,24.0,0,24.0
https://www.instagram.com/madrunnerss/p/DH6I3hANdtk/,2025-04-01 15:07:53+00:00,imagen,,,,7,madrunnerss,7.0,0,7.0
https://www.instagram.com/madrunnerss/p/DJjU5HxttGi/,2025-05-12 11:33:13+00:00,imagen,,,,9,madrunnerss,9.0,0,9.0
https://www.instagram.com/madrunnerss/p/DJXRASHNTxh/,2025-05-07 19:08:22+00:00,imagen,,,,3,madrunnerss,3.0,0,3.0
https://www.instagram.com/revel.club/p/DJcXhhfNSaq/,2025-05-09 19:09:15+00:00,imagen,,,,17,madrunnerss,17.0,0,17.0
https://www.instagram.com/sofiafierros/p/DG_UAcsNYzo/,2025-03-09 18:52:07+00:00,imagen,,,,13,madrunnerss,13.0,0,13.0
https://www.instagram.com/madrunnerss/p/DCM51hMi-3N/,2024-11-10 18:53:45+00:00,imagen,,,,5,madrunnerss,5.0,0,5.0
https://www.instagram.com/madrunnerss/p/DJpPr0GtUac/,2025-05-14 18:43:09+00:00,imagen,,,,5,madrunnerss,5.0,0,5.0
https://www.instagram.com/madrunnerss/p/DGvzzrktNJw/,2025-03-03 19:34:09+00:00,imagen,,,,5,madrunnerss,5.0,0,5.0
https://www.instagram.com/capturatuespacio/p/DHZV8EEtZMC/,2025-03-19 21:27:10+00:00,imagen,,,,6,madrunnerss,6.0,0,6.0
https://www.instagram.com/madrunnerss/p/DE43cxItOfx/,2025-01-16 13:42:16+00:00,imagen,,,,2,madrunnerss,2.0,0,2.0
https://www.instagram.com/narinant.socialrun/p/DDFs9pGNU2i/,2024-12-02 20:17:58+00:00,imagen,,,,2,narinant.socialrun,2.0,0,2.0
https://www.instagram.com/narinant.socialrun/p/DGodSNDtk3x/,2025-02-28 21:50:32+00:00,imagen,,,,0,narinant.socialrun,0.0,0,0.0
https://www.instagram.com/narinant.socialrun/p/DEQXSGIt1_k/,2024-12-31 20:11:34+00:00,video,,,,4,narinant.socialrun,4.0,0,4.0
https://www.instagram.com/narinant.socialrun/p/DJFHHT1tlRs/,2025-04-30 17:55:37+00:00,imagen,,,,0,narinant.socialrun,0.0,0,0.0
https://www.instagram.com/narinant.socialrun/p/DGjFAPjtcjj/,2025-02-26 20:27:40+00:00,imagen,,,,3,narinant.socialrun,3.0,0,3.0
https://www.instagram.com/narinant.socialrun/p/DJt2eYrNxcw/,2025-05-16 13:39:04+00:00,imagen,,,,1,narinant.socialrun,1.0,0,1.0
https://www.instagram.com/narinant.socialrun/p/DEQBp_BtXU9/,2024-12-31 17:02:35+00:00,imagen,,,,0,narinant.socialrun,0.0,0,0.0
https://www.instagram.com/narinant.socialrun/p/DEiSBzBN8rs/,2025-01-20 19:45:56+00:00,imagen,,,,12,narinant.socialrun,12.0,0,12.0
https://www.instagram.com/narinant.socialrun/p/DD_uKBdt5Yn/,2024-12-25 09:04:21+00:00,video,,,,0,narinant.socialrun,0.0,0,0.0
https://www.instagram.com/narinant.socialrun/p/DDhwmqONYWx/,2024-12-15 21:00:27+00:00,imagen,,,,0,narinant.socialrun,0.0,0,0.0
https://www.instagram.com/ramones_running/p/DHJlizetP7s/,2025-03-13 18:35:41+00:00,imagen,,,,0,ramones_running,0.0,0,0.0
https://www.instagram.com/ramones_running/p/DGnb2PyN_CQ/,2025-02-28 12:16:47+00:00,video,,,,10,ramones_running,10.0,0,10.0
https://www.instagram.com/ramones_running/p/DI1ghh_tCwb/,2025-04-24 20:00:00+00:00,imagen,,,,15,ramones_running,15.0,0,15.0
https://www.instagram.com/ramones_running/p/DIerUOpNbP1/,2025-04-15 20:06:13+00:00,imagen,,,,18,ramones_running,18.0,0,18.0
https://www.instagram.com/ramones_running/p/DHn3WV6tfNz/,2025-03-25 12:49:19+00:00,imagen,,,,8,ramones_running,8.0,0,8.0
https://www.instagram.com/revel.club/p/DJcXhhfNSaq/,2025-05-09 19:09:15+00:00,imagen,,,,17,revel.club,17.0,0,17.0
https://www.instagram.com/revel.club/p/DHtuVT8NxVM/,2025-03-27 19:25:08+00:00,imagen,,,,17,revel.club,17.0,0,17.0
https://www.instagram.com/revel.club/p/DJCr-QgN1qz/,2025-04-29 19:19:58+00:00,imagen,,,,29,revel.club,29.0,0,29.0
https://www.instagram.com/revel.club/p/DGymHZvt_Rb/,2025-03-04 20:18:09+00:00,imagen,,,,22,revel.club,22.0,0,22.0
https://www.instagram.com/revel.club/p/DHmFKkytzAr/,2025-03-24 20:23:46+00:00,video,,,,19,revel.club,19.0,0,19.0
https://www.instagram.com/revel.club/p/DJjWNO2t3S-/,2025-05-12 11:56:59+00:00,imagen,,,,3,revel.club,3.0,0,3.0
https://www.instagram.com/revel.club/p/DJrzO2GtVxy/,2025-05-15 18:32:15+00:00,video,,,,23,revel.club,23.0,0,23.0
https://www.instagram.com/runninggirlscanarias/p/CtEG3zroMpl/,2023-06-04 15:15:42+00:00,imagen,,,,18,runninggirlscanarias,18.0,0,18.0
https://www.instagram.com/runninggirlscanarias/p/CeeeMZqoXeY/,2022-06-06 19:48:21+00:00,imagen,,,,4,runninggirlscanarias,4.0,0,4.0
https://www.instagram.com/runninggirlscanarias/p/DI2Cxa7Il1-/,2025-04-24 22:30:36+00:00,imagen,,,,12,runninggirlscanarias,12.0,0,12.0
https://www.instagram.com/runninggirlscanarias/p/DJcBJ01o_89/,2025-05-10 14:44:21+00:00,imagen,,,,1,runninggirlscanarias,1.0,0,1.0
https://www.instagram.com/runninggirlscanarias/p/DJTrgxPotss/,2025-05-06 14:19:16+00:00,imagen,,,,0,runninggirlscanarias,0.0,0,0.0
https://www.instagram.com/runninggirlscanarias/p/ClOaxfToAgx/,2022-11-21 13:51:18+00:00,imagen,,,,0,runninggirlscanarias,0.0,0,0.0
https://www.instagram.com/runninggirlscanarias/p/CdTe7lWI3jf/,2022-05-08 18:34:16+00:00,imagen,,,,0,runninggirlscanarias,0.0,0,0.0
https://www.instagram.com/runninggirlscanarias/p/DFlZvCYIUql/,2025-02-03 12:59:36+00:00,imagen,,,,3,runninggirlscanarias,3.0,0,3.0
https://www.instagram.com/runninggirlscanarias/p/Csi8sHTIB15/,2023-05-22 12:51:18+00:00,imagen,,,,0,runninggirlscanarias,0.0,0,0.0
https://www.instagram.com/runninggirlscanarias/p/DCWaJT1IRMH/,2024-11-14 11:29:14+00:00,imagen,,,,5,runninggirlscanarias,5.0,0,5.0
https://www.instagram.com/socialrunclubvlc/p/DH9HvAio8-A/,2025-04-02 18:55:43+00:00,imagen,,,,2,socialrunclubvlc,2.0,0,2.0
https://www.instagram.com/socialrunclubvlc/p/DEAG5IXtPWo/,2024-12-25 12:40:30+00:00,imagen,,,,0,socialrunclubvlc,0.0,0,0.0
https://www.instagram.com/socialrunclubvlc/p/DA3WGSUNev_/,2024-10-08 17:14:05+00:00,imagen,,,,0,socialrunclubvlc,0.0,0,0.0
https://www.instagram.com/socialrunclubvlc/p/DJG0R8qtw5r/,2025-05-01 09:49:31+00:00,imagen,,,,0,socialrunclubvlc,0.0,0,0.0
https://www.instagram.com/socialrunclubvlc/p/DHvewYkNY-u/,2025-03-28 11:47:30+00:00,imagen,,,,0,socialrunclubvlc,0.0,0,0.0
https://www.instagram.com/socialrunclubvlc/p/DJdyaRMN9yQ/,2025-05-10 07:55:43+00:00,imagen,,,,0,socialrunclubvlc,0.0,0,0.0
https://www.instagram.com/socialrunclubvlc/p/DB90zBoNUBa/,2024-11-04 22:21:07+00:00,imagen,,,,0,socialrunclubvlc,0.0,0,0.0
https://www.instagram.com/socialrunclubvlc/p/DC93hLJOUlH/,2024-11-29 19:21:19+00:00,imagen,,,,0,socialrunclubvlc,0.0,0,0.0
https://www.instagram.com/socialrunclubvlc/p/DBjKTo-NGTp/,2024-10-25 13:49:34+00:00,imagen,,,,0,socialrunclubvlc,0.0,0,0.0
https://www.instagram.com/socialrunclubvlc/p/DCJsKYmtz2c/,2024-11-09 12:56:33+00:00,imagen,,,,0,socialrunclubvlc,0.0,0,0.0
https://www.instagram.com/thegingerclub_/p/DItHsnlt79P/,2025-04-21 10:18:56+00:00,imagen,,,,3,thegingerclub_,3.0,0,3.0
https://www.instagram.com/unofficialrunclub/p/DIk7vS1Ss-8/,2025-04-18 06:00:00+00:00,imagen,,,,28,unofficialrunclub,28.0,0,28.0
https://www.instagram.com/unofficialrunclub/p/DJKtykJzGSF/,2025-05-02 22:10:54+00:00,imagen,,,,29,unofficialrunclub,29.0,0,29.0
https://www.instagram.com/unofficialrunclub/p/DJbPWQ-Sdto/,2025-05-09 08:10:51+00:00,imagen,,,,28,unofficialrunclub,28.0,0,28.0
https://www.instagram.com/unofficialrunclub/p/DI3OvFFSoUI/,2025-04-25 08:32:50+00:00,imagen,,,,30,unofficialrunclub,30.0,0,30.0
https://www.instagram.com/unofficialrunclub/p/DJ6I4yrxsTX/,2025-05-21 08:10:51+00:00,imagen,,,,6,unofficialrunclub,6.0,0,6.0
https://www.instagram.com/unofficialrunclub/p/DJ2n2zSBlCw/,2025-05-21 06:53:35+00:00,imagen,,,,1,unofficialrunclub,1.0,0,1.0
https://www.instagram.com/unofficialrunclub/p/DI-8Qu8xKhM/,2025-04-28 08:25:20+00:00,imagen,,,,9,unofficialrunclub,9.0,0,9.0
https://www.instagram.com/unofficialrunclub/p/DI8YlGfxpmk/,2025-04-27 08:35:04+00:00,imagen,,,,27,unofficialrunclub,27.0,0,27.0
https://www.instagram.com/vibesnclub/p/DH-qoHWMirc/,2025-04-03 09:19:51+00:00,imagen,,,,1,vibesnclub,1.0,0,1.0
https://www.instagram.com/vibesnclub/p/DHS3ubnCNNJ/,2025-03-17 09:07:43+00:00,imagen,,,,0,vibesnclub,0.0,0,0.0
https://www.instagram.com/vibesnclub/p/DI4UQ2us5nS/,2025-04-25 18:40:23+00:00,imagen,,,,0,vibesnclub,0.0,0,0.0
https://www.instagram.com/vibesnclub/p/DJofALuMJCy/,2025-05-16 12:22:01+00:00,imagen,,,,2,vibesnclub,2.0,0,2.0
https://www.instagram.com/vibesnclub/p/DItEuw1CAzq/,2025-04-21 09:53:01+00:00,imagen,,,,2,vibesnclub,2.0,0,2.0
https://www.instagram.com/vibesnclub/p/DIMmGaiMEzG/,2025-04-08 19:09:40+00:00,imagen,,,,22,vibesnclub,22.0,0,22.0
https://www.instagram.com/vibesnclub/p/DI0_kMFCf7A/,2025-04-24 11:41:48+00:00,imagen,,,,0,vibesnclub,0.0,0,0.0
https://www.instagram.com/vibesnclub/p/DHqSsDLiJwD/,2025-03-26 12:01:51+00:00,imagen,,,,11,vibesnclub,11.0,0,11.0
https://www.instagram.com/vibesnclub/p/DJ1TGNRMBo9/,2025-05-19 11:03:52+00:00,imagen,,,,4,vibesnclub,4.0,0,4.0
https://www.instagram.com/vibesnclub/p/DIKMdSpsqfJ/,2025-04-07 20:48:52+00:00,imagen,,,,1,vibesnclub,1.0,0,1.0
https://www.instagram.com/voltarunclub/p/DJzQ8xeNdlc/,2025-05-18 16:06:37+00:00,video,,,,15,voltarunclub,15.0,0,15.0
https://www.instagram.com/voltarunclub/p/DIZAoh8tzqA/,2025-04-13 14:52:24+00:00,imagen,,,,13,voltarunclub,13.0,0,13.0
https://www.instagram.com/voltarunclub/p/DH-0FPzNnay/,2025-04-03 10:42:28+00:00,imagen,,,,10,voltarunclub,10.0,0,10.0
https://www.instagram.com/voltarunclub/p/DI1PiASNRDI/,2025-04-24 14:29:09+00:00,video,,,,12,voltarunclub,12.0,0,12.0
https://www.instagram.com/voltarunclub/p/DIHBYelNEWi/,2025-04-06 16:59:44+00:00,video,,,,15,voltarunclub,15.0,0,15.0
https://www.instagram.com/voltarunclub/p/DH1EsVUNhKZ/,2025-03-30 15:58:52+00:00,video,,,,16,voltarunclub,16.0,0,16.0
https://www.instagram.com/voltarunclub/p/DGnVh1BNNuM/,2025-02-28 11:24:04+00:00,imagen,,,,8,voltarunclub,8.0,0,8.0
https://www.instagram.com/voltarunclub/p/DI3Z8HGNSp-/,2025-04-25 10:10:44+00:00,imagen,,,,12,voltarunclub,12.0,0,12.0
https://www.instagram.com/voltarunclub/p/DJb9mXpMP-a/,2025-05-09 14:55:00+00:00,imagen,,,,8,voltarunclub,8.0,0,8.0
https://www.instagram.com/voltarunclub/p/DJhPq_mtXel/,2025-05-11 16:09:07+00:00,video,,,,9,voltarunclub,9.0,0,9.0
