NOMBRE_EVENTO,FECHA_EVENTO,COMUNIDAD,DIA_SEMANA,DIA_SEMANA_NUM,DIA_MES,SEMANA_MES,MES,AÑO,TEMPORADA,NUM_INSCRITAS,NUM_PAGOS,NUM_ASISTENCIAS,TOTAL_RECAUDADO,EVENTO_GRATUITO,TIPO_EVENTO,COSTE_UNITARIO,COSTE_ESTIMADO,BENEFICIO_ESTIMADO,PRECIO_MEDIO,COLABORACION,TIPO_ACTIVIDAD,ES_REAL
Afterwork Run By Dash And Stars,2025-04-17,ELCHE,Thursday,3,17,16,4,2025,primavera,12,12,11,180.0,0,pago,7.0,84.0,96.0,15.0,0,almuerzo,1
Dash And Stars Run,2025-02-09,GIRONA,Sunday,6,9,6,2,2025,invierno,25,25,25,375.0,0,pago,9.0,225.0,150.0,15.0,0,almuerzo,1
Dimecres Morning Run  Cet,2024-05-01,GIRONA,Wednesday,2,1,18,5,2024,primavera,12,0,11,0.0,1,gratuito,0.0,0.0,0.0,0.0,0,only run,1
Els Dimecres Amb Sisterhood,2024-02-14,GIRONA,Wednesday,2,14,7,2,2024,invierno,9,0,9,0.0,1,gratuito,0.0,0.0,0.0,0.0,0,only run,1
Els Dimecres Amb Sisterhood,2024-02-21,GIRONA,Wednesday,2,21,8,2,2024,invierno,11,0,9,0.0,1,gratuito,0.0,0.0,0.0,0.0,0,only run,1
Els Dimecres Amb Sisterhood,2024-02-28,GIRONA,Wednesday,2,28,9,2,2024,invierno,7,0,6,0.0,1,gratuito,0.0,0.0,0.0,0.0,0,only run,1
Els Dimecres Amb Sisterhood,2024-03-13,GIRONA,Wednesday,2,13,11,3,2024,primavera,13,0,12,0.0,1,gratuito,0.0,0.0,0.0,0.0,0,only run,1
Els Dimecres Amb Sisterhood,2024-03-20,GIRONA,Wednesday,2,20,12,3,2024,primavera,9,0,8,0.0,1,gratuito,0.0,0.0,0.0,0.0,0,only run,1
Els Dimecres Amb Sisterhood,2024-03-27,GIRONA,Wednesday,2,27,13,3,2024,primavera,4,0,4,0.0,1,gratuito,0.0,0.0,0.0,0.0,0,only run,1
Els Dimecres Amb Sisterhood,2024-04-10,GIRONA,Wednesday,2,10,15,4,2024,primavera,14,0,12,0.0,1,gratuito,0.0,0.0,0.0,0.0,0,only run,1
Els Dimecres Amb Sisterhood,2024-04-17,GIRONA,Wednesday,2,17,16,4,2024,primavera,11,0,9,0.0,1,gratuito,0.0,0.0,0.0,0.0,0,only run,1
Els Dimecres Amb Sisterhood,2024-04-24,GIRONA,Wednesday,2,24,17,4,2024,primavera,12,0,12,0.0,1,gratuito,0.0,0.0,0.0,0.0,0,only run,1
Els Dimecres Amb Sisterhood,2024-05-08,GIRONA,Wednesday,2,8,19,5,2024,primavera,7,0,7,0.0,1,gratuito,0.0,0.0,0.0,0.0,0,only run,1
Els Dimecres Amb Sisterhood,2024-05-15,GIRONA,Wednesday,2,15,20,5,2024,primavera,2,0,2,0.0,1,gratuito,0.0,0.0,0.0,0.0,0,only run,1
Els Dimecres Amb Sisterhood,2024-05-22,GIRONA,Wednesday,2,22,21,5,2024,primavera,9,0,8,0.0,1,gratuito,0.0,0.0,0.0,0.0,0,only run,1
Els Dimecres Amb Sisterhood,2024-05-29,GIRONA,Wednesday,2,29,22,5,2024,primavera,5,0,5,0.0,1,gratuito,0.0,0.0,0.0,0.0,0,only run,1
Els Dimecres Amb Sisterhood,2024-06-05,GIRONA,Wednesday,2,5,23,6,2024,verano,9,0,7,0.0,1,gratuito,0.0,0.0,0.0,0.0,0,only run,1
Els Dimecres Amb Sisterhood,2024-06-12,GIRONA,Wednesday,2,12,24,6,2024,verano,2,0,2,0.0,1,gratuito,0.0,0.0,0.0,0.0,0,only run,1
Els Dimecres Amb Sisterhood,2024-06-19,GIRONA,Wednesday,2,19,25,6,2024,verano,12,0,11,0.0,1,gratuito,0.0,0.0,0.0,0.0,0,only run,1
Els Dimecres Amb Sisterhood,2024-06-26,GIRONA,Wednesday,2,26,26,6,2024,verano,2,0,1,0.0,1,gratuito,0.0,0.0,0.0,0.0,0,only run,1
Els Dimecres Amb Sisterhood,2024-07-03,GIRONA,Wednesday,2,3,27,7,2024,verano,10,0,10,0.0,1,gratuito,0.0,0.0,0.0,0.0,0,only run,1
Els Dimecres Amb Sisterhood,2024-07-10,GIRONA,Wednesday,2,10,28,7,2024,verano,4,0,4,0.0,1,gratuito,0.0,0.0,0.0,0.0,0,only run,1
Els Dimecres Amb Sisterhood,2024-07-17,GIRONA,Wednesday,2,17,29,7,2024,verano,3,0,2,0.0,1,gratuito,0.0,0.0,0.0,0.0,0,only run,1
Els Dimecres Amb Sisterhood,2024-09-04,GIRONA,Wednesday,2,4,36,9,2024,otoño,6,0,6,0.0,1,gratuito,0.0,0.0,0.0,0.0,0,only run,1
Els Dimecres Amb Sisterhood,2024-09-18,GIRONA,Wednesday,2,18,38,9,2024,otoño,4,0,4,0.0,1,gratuito,0.0,0.0,0.0,0.0,0,only run,1
Els Dimecres Amb Sisterhood,2024-09-25,GIRONA,Wednesday,2,25,39,9,2024,otoño,7,0,7,0.0,1,gratuito,0.0,0.0,0.0,0.0,0,only run,1
Els Dimecres Amb Sisterhood,2024-10-02,GIRONA,Wednesday,2,2,40,10,2024,otoño,10,0,7,0.0,1,gratuito,0.0,0.0,0.0,0.0,0,only run,1
Els Dimecres Amb Sisterhood,2024-10-09,GIRONA,Wednesday,2,9,41,10,2024,otoño,12,0,11,0.0,1,gratuito,0.0,0.0,0.0,0.0,0,only run,1
Els Dimecres Amb Sisterhood,2024-10-16,GIRONA,Wednesday,2,16,42,10,2024,otoño,1,0,1,0.0,1,gratuito,0.0,0.0,0.0,0.0,0,only run,1
Els Dimecres Amb Sisterhood,2024-10-23,GIRONA,Wednesday,2,23,43,10,2024,otoño,1,0,1,0.0,1,gratuito,0.0,0.0,0.0,0.0,0,only run,1
Els Dimecres Amb Sisterhood,2024-10-30,GIRONA,Wednesday,2,30,44,10,2024,otoño,2,0,2,0.0,1,gratuito,0.0,0.0,0.0,0.0,0,only run,1
Els Dimecres Amb Sisterhood,2024-11-13,GIRONA,Wednesday,2,13,46,11,2024,otoño,1,0,1,0.0,1,gratuito,0.0,0.0,0.0,0.0,0,only run,1
Els Dimecres Amb Sisterhood,2024-11-20,GIRONA,Wednesday,2,20,47,11,2024,otoño,4,0,4,0.0,1,gratuito,0.0,0.0,0.0,0.0,0,only run,1
Els Dimecres Amb Sisterhood,2024-11-27,GIRONA,Wednesday,2,27,48,11,2024,otoño,2,0,2,0.0,1,gratuito,0.0,0.0,0.0,0.0,0,only run,1
Els Dimecres Amb Sisterhood,2025-01-08,GIRONA,Wednesday,2,8,2,1,2025,invierno,16,0,13,0.0,1,gratuito,0.0,0.0,0.0,0.0,0,only run,1
Els Dimecres Amb Sisterhood,2025-01-15,GIRONA,Wednesday,2,15,3,1,2025,invierno,12,0,11,0.0,1,gratuito,0.0,0.0,0.0,0.0,0,only run,1
Els Dimecres Amb Sisterhood,2025-01-22,GIRONA,Wednesday,2,22,4,1,2025,invierno,25,0,23,0.0,1,gratuito,0.0,0.0,0.0,0.0,0,only run,1
Els Dimecres Amb Sisterhood,2025-01-29,GIRONA,Wednesday,2,29,5,1,2025,invierno,15,0,15,0.0,1,gratuito,0.0,0.0,0.0,0.0,0,only run,1
Els Dimecres Amb Sisterhood,2025-02-05,GIRONA,Wednesday,2,5,6,2,2025,invierno,18,0,17,0.0,1,gratuito,0.0,0.0,0.0,0.0,0,only run,1
Els Dimecres Amb Sisterhood,2025-02-12,GIRONA,Wednesday,2,12,7,2,2025,invierno,10,0,10,0.0,1,gratuito,0.0,0.0,0.0,0.0,0,only run,1
Els Dimecres Amb Sisterhood,2025-02-19,GIRONA,Wednesday,2,19,8,2,2025,invierno,11,0,11,0.0,1,gratuito,0.0,0.0,0.0,0.0,0,only run,1
Els Dimecres Amb Sisterhood,2025-02-26,GIRONA,Wednesday,2,26,9,2,2025,invierno,9,0,6,0.0,1,gratuito,0.0,0.0,0.0,0.0,0,only run,1
Els Dimecres Amb Sisterhood,2025-03-05,GIRONA,Wednesday,2,5,10,3,2025,primavera,11,0,9,0.0,1,gratuito,0.0,0.0,0.0,0.0,0,only run,1
Els Dimecres Amb Sisterhood,2025-03-12,GIRONA,Wednesday,2,12,11,3,2025,primavera,6,0,4,0.0,1,gratuito,0.0,0.0,0.0,0.0,0,only run,1
Els Dimecres Amb Sisterhood,2025-03-19,GIRONA,Wednesday,2,19,12,3,2025,primavera,3,0,3,0.0,1,gratuito,0.0,0.0,0.0,0.0,0,only run,1
Els Dimecres Amb Sisterhood,2025-03-26,GIRONA,Wednesday,2,26,13,3,2025,primavera,10,0,9,0.0,1,gratuito,0.0,0.0,0.0,0.0,0,only run,1
Els Dimecres Amb Sisterhood,2025-04-02,GIRONA,Wednesday,2,2,14,4,2025,primavera,5,0,4,0.0,1,gratuito,0.0,0.0,0.0,0.0,0,only run,1
Els Dimecres Amb Sisterhood,2025-04-09,GIRONA,Wednesday,2,9,15,4,2025,primavera,12,0,12,0.0,1,gratuito,0.0,0.0,0.0,0.0,0,only run,1
Els Dimecres Amb Sisterhood,2025-04-16,GIRONA,Wednesday,2,16,16,4,2025,primavera,4,0,3,0.0,1,gratuito,0.0,0.0,0.0,0.0,0,only run,1
Els Dimecres Amb Sisterhood,2025-04-30,GIRONA,Wednesday,2,30,18,4,2025,primavera,3,0,3,0.0,1,gratuito,0.0,0.0,0.0,0.0,0,only run,1
Els Dimecres Amb Sisterhood,2025-05-07,GIRONA,Wednesday,2,7,19,5,2025,primavera,5,0,1,0.0,1,gratuito,0.0,0.0,0.0,0.0,0,only run,1
Els Dimecres Amb Sisterhood,2025-05-14,GIRONA,Wednesday,2,14,20,5,2025,primavera,6,0,6,0.0,1,gratuito,0.0,0.0,0.0,0.0,0,only run,1
Els Dimecres Amb Sisterhood,2025-05-21,GIRONA,Wednesday,2,21,21,5,2025,primavera,12,0,12,0.0,1,gratuito,0.0,0.0,0.0,0.0,0,only run,1
Els Dimecres Amb Sisterhood,2025-05-28,GIRONA,Wednesday,2,28,22,5,2025,primavera,9,0,8,0.0,1,gratuito,0.0,0.0,0.0,0.0,0,only run,1
Els Dimecres Amb Sisterhood,2025-06-04,GIRONA,Wednesday,2,4,23,6,2025,verano,5,0,5,0.0,1,gratuito,0.0,0.0,0.0,0.0,0,only run,1
Lace Up Run,2025-05-22,ELCHE,Thursday,3,22,21,5,2025,primavera,29,0,27,0.0,1,gratuito,0.0,0.0,0.0,0.0,0,charla,1
Los Jueves Con Sh Elche,2025-01-23,ELCHE,Thursday,3,23,4,1,2025,invierno,10,0,10,0.0,1,gratuito,0.0,0.0,0.0,0.0,0,only run,1
Los Jueves Con Sh Elche,2025-01-30,ELCHE,Thursday,3,30,5,1,2025,invierno,10,0,10,0.0,1,gratuito,0.0,0.0,0.0,0.0,0,only run,1
Los Jueves Con Sh Elche,2025-02-06,ELCHE,Thursday,3,6,6,2,2025,invierno,11,0,11,0.0,1,gratuito,0.0,0.0,0.0,0.0,0,only run,1
Los Jueves Con Sh Elche,2025-02-13,ELCHE,Thursday,3,13,7,2,2025,invierno,12,0,11,0.0,1,gratuito,0.0,0.0,0.0,0.0,0,only run,1
Los Jueves Con Sh Elche,2025-02-20,ELCHE,Thursday,3,20,8,2,2025,invierno,13,0,12,0.0,1,gratuito,0.0,0.0,0.0,0.0,0,only run,1
Los Jueves Con Sh Elche,2025-02-27,ELCHE,Thursday,3,27,9,2,2025,invierno,11,0,9,0.0,1,gratuito,0.0,0.0,0.0,0.0,0,only run,1
Los Jueves Con Sh Elche,2025-03-06,ELCHE,Thursday,3,6,10,3,2025,primavera,10,0,8,0.0,1,gratuito,0.0,0.0,0.0,0.0,0,only run,1
Los Jueves Con Sh Elche,2025-03-13,ELCHE,Thursday,3,13,11,3,2025,primavera,11,0,9,0.0,1,gratuito,0.0,0.0,0.0,0.0,0,only run,1
Los Jueves Con Sh Elche,2025-03-20,ELCHE,Thursday,3,20,12,3,2025,primavera,9,0,8,0.0,1,gratuito,0.0,0.0,0.0,0.0,0,only run,1
Los Jueves Con Sh Elche,2025-03-27,ELCHE,Thursday,3,27,13,3,2025,primavera,12,0,11,0.0,1,gratuito,0.0,0.0,0.0,0.0,0,only run,1
Los Jueves Con Sh Elche,2025-04-03,ELCHE,Thursday,3,3,14,4,2025,primavera,14,0,13,0.0,1,gratuito,0.0,0.0,0.0,0.0,0,only run,1
Los Jueves Con Sh Elche,2025-04-10,ELCHE,Thursday,3,10,15,4,2025,primavera,10,0,8,0.0,1,gratuito,0.0,0.0,0.0,0.0,0,only run,1
Los Jueves Con Sh Elche,2025-04-24,ELCHE,Thursday,3,24,17,4,2025,primavera,8,0,7,0.0,1,gratuito,0.0,0.0,0.0,0.0,0,only run,1
Los Jueves De Sisterhood Elche,2025-05-01,ELCHE,Thursday,3,1,18,5,2025,primavera,9,0,8,0.0,1,gratuito,0.0,0.0,0.0,0.0,0,only run,1
Los Jueves De Sisterhood Elche,2025-05-08,ELCHE,Thursday,3,8,19,5,2025,primavera,11,0,10,0.0,1,gratuito,0.0,0.0,0.0,0.0,0,only run,1
Los Jueves De Sisterhood Elche,2025-05-15,ELCHE,Thursday,3,15,20,5,2025,primavera,12,0,11,0.0,1,gratuito,0.0,0.0,0.0,0.0,0,only run,1
Los Jueves De Sisterhood Elche,2025-05-29,ELCHE,Thursday,3,29,22,5,2025,primavera,12,0,11,0.0,1,gratuito,0.0,0.0,0.0,0.0,0,only run,1
New Year Runbreakfast,2025-01-12,ELCHE,Sunday,6,12,2,1,2025,invierno,4,4,2,28.0,0,pago,6.0,24.0,4.0,7.0,0,almuerzo,1
Planazo Pre Vacances,2024-07-21,GIRONA,Sunday,6,21,29,7,2024,verano,38,38,38,380.0,0,pago,5.0,190.0,190.0,10.0,0,almuerzo,1
Pre Xmas Runbrunch Elche,2024-12-22,ELCHE,Sunday,6,22,51,12,2024,invierno,19,19,18,133.0,0,pago,10.0,190.0,-57.0,7.0,0,almuerzo,1
Primer Sisterhood Trail,2024-05-17,GIRONA,Friday,4,17,20,5,2024,primavera,8,0,7,0.0,1,gratuito,0.0,0.0,0.0,0.0,0,only run,1
Run Girobeer,2024-07-05,GIRONA,Friday,4,5,27,7,2024,verano,13,0,12,0.0,1,gratuito,0.0,0.0,0.0,0.0,0,only run,1
Run Pel Dia De La Dona,2024-03-10,GIRONA,Sunday,6,10,10,3,2024,primavera,14,0,13,0.0,1,gratuito,0.0,0.0,0.0,0.0,0,only run,1
Rundeo By Primetime I Sisterhood,2025-05-09,GIRONA,Friday,4,9,19,5,2025,primavera,64,64,64,960.0,0,pago,300.0,19200.0,-18240.0,15.0,0,ludica,1
Runlearn,2025-04-06,ELCHE,Sunday,6,6,14,4,2025,primavera,17,17,15,255.0,0,pago,10.0,170.0,85.0,15.0,0,charla,1
Runtrust,2025-03-09,ELCHE,Sunday,6,9,10,3,2025,primavera,11,11,11,99.0,0,pago,8.5,93.5,5.5,9.0,0,almuerzo,1
Sisterhood Codepilates,2024-10-06,GIRONA,Sunday,6,6,40,10,2024,otoño,29,29,28,435.0,0,pago,12.0,348.0,87.0,15.0,0,deportiva,1
Sisterhood Trail,2024-06-14,GIRONA,Friday,4,14,24,6,2024,verano,5,0,4,0.0,1,gratuito,0.0,0.0,0.0,0.0,0,only run,1
Sisterhood X Zel Hotels,2024-06-16,GIRONA,Sunday,6,16,24,6,2024,verano,28,0,26,0.0,1,gratuito,0.0,0.0,0.0,0.0,0,deportiva,1
Sisterhood Xmas Event,2024-12-15,GIRONA,Sunday,6,15,50,12,2024,invierno,14,14,14,448.0,0,pago,28.0,392.0,56.0,32.0,0,ludica,1
Sunday Run,2024-02-25,GIRONA,Sunday,6,25,8,2,2024,invierno,10,0,10,0.0,1,gratuito,0.0,0.0,0.0,0.0,0,only run,1
Sunday Run,2024-03-24,GIRONA,Sunday,6,24,12,3,2024,primavera,13,0,12,0.0,1,gratuito,0.0,0.0,0.0,0.0,0,only run,1
Sunday Run,2024-04-14,GIRONA,Sunday,6,14,15,4,2024,primavera,18,0,16,0.0,1,gratuito,0.0,0.0,0.0,0.0,0,only run,1
Sunday Run,2024-04-21,GIRONA,Sunday,6,21,16,4,2024,primavera,9,0,8,0.0,1,gratuito,0.0,0.0,0.0,0.0,0,only run,1
Sunday Run,2024-05-05,GIRONA,Sunday,6,5,18,5,2024,primavera,3,0,3,0.0,1,gratuito,0.0,0.0,0.0,0.0,0,only run,1
Sunday Run,2024-05-19,GIRONA,Sunday,6,19,20,5,2024,primavera,8,0,6,0.0,1,gratuito,0.0,0.0,0.0,0.0,0,only run,1
Sunday Run,2025-03-09,GIRONA,Sunday,6,9,10,3,2025,primavera,36,36,33,540.0,0,pago,0.0,0.0,540.0,15.0,0,only run,1
Sunday Run Emporda,2024-05-12,GIRONA,Sunday,6,12,19,5,2024,primavera,23,0,21,0.0,1,gratuito,0.0,0.0,0.0,0.0,0,only run,1
Sunkissed Run By Dash And Stars,2025-06-08,ELCHE,Sunday,6,8,23,6,2025,verano,18,18,18,324.0,0,pago,12.0,216.0,108.0,18.0,0,almuerzo,1
Sisterhood Free 1,2021-01-01,GIRONA,Friday,4,1,0,1,2021,invierno,22,0,21,0.0,1,gratuito,2.386363636363636,52.5,-52.5,0.0,0,ludico,0
Sisterhood Free 2,2021-01-01,GIRONA,Friday,4,1,0,1,2021,invierno,22,0,19,0.0,1,gratuito,3.3859090909090908,74.49,-74.49,0.0,1,almuerzo,0
Sisterhood Free 3,2021-01-01,GIRONA,Friday,4,1,0,1,2021,invierno,26,0,24,0.0,1,gratuito,4.755769230769231,123.65,-123.65,0.0,1,deportiva,0
Sisterhood Free 4,2021-01-01,GIRONA,Friday,4,1,0,1,2021,invierno,27,0,22,0.0,1,gratuito,2.1737037037037035,58.69,-58.69,0.0,0,almuerzo,0
Sisterhood Premium 5,2021-01-02,GIRONA,Saturday,5,2,0,1,2021,invierno,21,16,16,165.12,0,pago,5.430952380952381,114.05,51.07000000000001,10.32,0,ludico,0
Sisterhood Free 6,2021-02-01,GIRONA,Monday,0,1,5,2,2021,invierno,23,0,18,0.0,1,gratuito,3.0382608695652173,69.88,-69.88,0.0,0,almuerzo,0
Sisterhood Free 7,2021-02-01,GIRONA,Monday,0,1,5,2,2021,invierno,21,0,16,0.0,1,gratuito,4.378571428571429,91.95,-91.95,0.0,0,almuerzo,0
Sisterhood Free 8,2021-02-01,GIRONA,Monday,0,1,5,2,2021,invierno,24,0,20,0.0,1,gratuito,4.53875,108.93,-108.93,0.0,0,ludico,0
Sisterhood Free 9,2021-02-01,GIRONA,Monday,0,1,5,2,2021,invierno,21,0,20,0.0,1,gratuito,5.994285714285714,125.88,-125.88,0.0,0,almuerzo,0
Sisterhood Premium 10,2021-02-07,GIRONA,Sunday,6,7,5,2,2021,invierno,18,15,15,254.7,0,pago,8.39111111111111,151.04,103.66000000000004,16.98,0,almuerzo,0
Sisterhood Free 11,2021-03-01,GIRONA,Monday,0,1,9,3,2021,primavera,19,0,18,0.0,1,gratuito,3.1194736842105266,59.27,-59.27,0.0,0,almuerzo,0
Sisterhood Free 12,2021-03-01,GIRONA,Monday,0,1,9,3,2021,primavera,20,0,19,0.0,1,gratuito,4.295,85.9,-85.9,0.0,1,almuerzo,0
Sisterhood Free 13,2021-03-01,GIRONA,Monday,0,1,9,3,2021,primavera,25,0,22,0.0,1,gratuito,4.4148000000000005,110.37,-110.37,0.0,0,ludico,0
Sisterhood Free 14,2021-03-01,GIRONA,Monday,0,1,9,3,2021,primavera,17,0,16,0.0,1,gratuito,7.233529411764706,122.97,-122.97,0.0,0,almuerzo,0
Sisterhood Premium 15,2021-03-07,GIRONA,Sunday,6,7,9,3,2021,primavera,31,25,25,281.25,0,pago,7.688387096774194,238.34,42.91,11.25,1,almuerzo,0
Sisterhood Free 16,2021-04-01,GIRONA,Thursday,3,1,13,4,2021,primavera,25,0,20,0.0,1,gratuito,5.542000000000001,138.55,-138.55,0.0,1,almuerzo,0
Sisterhood Free 17,2021-04-01,GIRONA,Thursday,3,1,13,4,2021,primavera,18,0,15,0.0,1,gratuito,5.985555555555555,107.74,-107.74,0.0,0,almuerzo,0
Sisterhood Free 18,2021-04-01,GIRONA,Thursday,3,1,13,4,2021,primavera,18,0,17,0.0,1,gratuito,3.032222222222222,54.58,-54.58,0.0,0,ludico,0
Sisterhood Free 19,2021-04-01,GIRONA,Thursday,3,1,13,4,2021,primavera,22,0,20,0.0,1,gratuito,5.786818181818182,127.31,-127.31,0.0,1,deportiva,0
Sisterhood Premium 20,2021-04-04,GIRONA,Sunday,6,4,13,4,2021,primavera,25,23,23,426.65,0,pago,9.1988,229.97,196.68000000000004,18.55,0,almuerzo,0
Sisterhood Free 21,2021-05-01,GIRONA,Saturday,5,1,17,5,2021,primavera,26,0,23,0.0,1,gratuito,2.5488461538461538,66.27,-66.27,0.0,0,almuerzo,0
Sisterhood Free 22,2021-05-01,GIRONA,Saturday,5,1,17,5,2021,primavera,25,0,22,0.0,1,gratuito,2.838,70.95,-70.95,0.0,0,almuerzo,0
Sisterhood Free 23,2021-05-01,GIRONA,Saturday,5,1,17,5,2021,primavera,23,0,20,0.0,1,gratuito,5.225217391304348,120.18,-120.18,0.0,0,almuerzo,0
Sisterhood Free 24,2021-05-01,GIRONA,Saturday,5,1,17,5,2021,primavera,23,0,22,0.0,1,gratuito,4.822173913043478,110.91,-110.91,0.0,0,almuerzo,0
Sisterhood Premium 25,2021-05-01,GIRONA,Saturday,5,1,17,5,2021,primavera,30,27,27,414.18,0,pago,4.557333333333333,136.72,277.46000000000004,15.34,0,almuerzo,0
Sisterhood Free 26,2021-06-01,GIRONA,Tuesday,1,1,22,6,2021,verano,28,0,24,0.0,1,gratuito,3.1410714285714287,87.95,-87.95,0.0,1,ludico,0
Sisterhood Free 27,2021-06-01,GIRONA,Tuesday,1,1,22,6,2021,verano,26,0,21,0.0,1,gratuito,2.7676923076923075,71.96,-71.96,0.0,0,almuerzo,0
Sisterhood Free 28,2021-06-01,GIRONA,Tuesday,1,1,22,6,2021,verano,27,0,24,0.0,1,gratuito,4.973703703703704,134.29,-134.29,0.0,0,almuerzo,0
Sisterhood Free 29,2021-06-01,GIRONA,Tuesday,1,1,22,6,2021,verano,21,0,20,0.0,1,gratuito,3.4714285714285715,72.9,-72.9,0.0,0,ludico,0
Sisterhood Premium 30,2021-06-06,GIRONA,Sunday,6,6,22,6,2021,verano,24,22,22,397.1,0,pago,6.673749999999999,160.17,236.93000000000004,18.05,0,almuerzo,0
Sisterhood Free 31,2021-07-01,GIRONA,Thursday,3,1,26,7,2021,verano,26,0,24,0.0,1,gratuito,4.443846153846154,115.54,-115.54,0.0,0,almuerzo,0
Sisterhood Free 32,2021-07-01,GIRONA,Thursday,3,1,26,7,2021,verano,22,0,18,0.0,1,gratuito,6.294090909090909,138.47,-138.47,0.0,0,almuerzo,0
Sisterhood Free 33,2021-07-01,GIRONA,Thursday,3,1,26,7,2021,verano,26,0,22,0.0,1,gratuito,2.472692307692308,64.29,-64.29,0.0,0,almuerzo,0
Sisterhood Free 34,2021-07-01,GIRONA,Thursday,3,1,26,7,2021,verano,22,0,20,0.0,1,gratuito,3.393636363636364,74.66,-74.66,0.0,0,ludico,0
Sisterhood Premium 35,2021-07-04,GIRONA,Sunday,6,4,26,7,2021,verano,25,19,19,292.41,0,pago,8.482000000000001,212.05,80.36000000000001,15.39,0,almuerzo,0
Sisterhood Free 36,2021-08-01,GIRONA,Sunday,6,1,31,8,2021,verano,22,0,19,0.0,1,gratuito,3.269545454545455,71.93,-71.93,0.0,0,deportiva,0
Sisterhood Free 37,2021-08-01,GIRONA,Sunday,6,1,31,8,2021,verano,22,0,20,0.0,1,gratuito,4.588636363636364,100.95,-100.95,0.0,0,almuerzo,0
Sisterhood Free 38,2021-08-01,GIRONA,Sunday,6,1,31,8,2021,verano,20,0,19,0.0,1,gratuito,6.279,125.58,-125.58,0.0,1,almuerzo,0
Sisterhood Free 39,2021-08-01,GIRONA,Sunday,6,1,31,8,2021,verano,20,0,19,0.0,1,gratuito,3.264,65.28,-65.28,0.0,0,ludico,0
Sisterhood Premium 40,2021-08-01,GIRONA,Sunday,6,1,31,8,2021,verano,23,20,20,358.40000000000003,0,pago,7.100869565217391,163.32,195.08000000000004,17.92,0,deportiva,0
Sisterhood Free 41,2021-09-01,GIRONA,Wednesday,2,1,35,9,2021,otoño,15,0,14,0.0,1,gratuito,5.898666666666667,88.48,-88.48,0.0,0,almuerzo,0
Sisterhood Free 42,2021-09-01,GIRONA,Wednesday,2,1,35,9,2021,otoño,24,0,19,0.0,1,gratuito,6.233750000000001,149.61,-149.61,0.0,0,ludico,0
Sisterhood Free 43,2021-09-01,GIRONA,Wednesday,2,1,35,9,2021,otoño,24,0,19,0.0,1,gratuito,3.1308333333333334,75.14,-75.14,0.0,1,almuerzo,0
Sisterhood Free 44,2021-09-01,GIRONA,Wednesday,2,1,35,9,2021,otoño,25,0,20,0.0,1,gratuito,5.443200000000001,136.08,-136.08,0.0,0,almuerzo,0
Sisterhood Premium 45,2021-09-03,GIRONA,Friday,4,3,35,9,2021,otoño,29,27,27,453.6,0,pago,4.040689655172414,117.18,336.42,16.8,0,ludico,0
Sisterhood Free 46,2021-10-01,GIRONA,Friday,4,1,39,10,2021,otoño,25,0,22,0.0,1,gratuito,5.0744,126.86,-126.86,0.0,0,ludico,0
Sisterhood Free 47,2021-10-01,GIRONA,Friday,4,1,39,10,2021,otoño,24,0,21,0.0,1,gratuito,2.5483333333333333,61.16,-61.16,0.0,1,deportiva,0
Sisterhood Free 48,2021-10-01,GIRONA,Friday,4,1,39,10,2021,otoño,30,0,26,0.0,1,gratuito,2.194,65.82,-65.82,0.0,0,almuerzo,0
Sisterhood Free 49,2021-10-01,GIRONA,Friday,4,1,39,10,2021,otoño,21,0,20,0.0,1,gratuito,6.922857142857143,145.38,-145.38,0.0,0,almuerzo,0
Sisterhood Premium 50,2021-10-02,GIRONA,Saturday,5,2,39,10,2021,otoño,32,25,25,315.75,0,pago,5.4715625,175.09,140.66,12.63,0,almuerzo,0
Sisterhood Free 51,2021-11-01,GIRONA,Monday,0,1,44,11,2021,otoño,19,0,16,0.0,1,gratuito,7.06157894736842,134.17,-134.17,0.0,0,almuerzo,0
Sisterhood Free 52,2021-11-01,GIRONA,Monday,0,1,44,11,2021,otoño,26,0,21,0.0,1,gratuito,4.265384615384615,110.9,-110.9,0.0,0,almuerzo,0
Sisterhood Free 53,2021-11-01,GIRONA,Monday,0,1,44,11,2021,otoño,19,0,17,0.0,1,gratuito,4.599473684210526,87.39,-87.39,0.0,0,deportiva,0
Sisterhood Free 54,2021-11-01,GIRONA,Monday,0,1,44,11,2021,otoño,21,0,19,0.0,1,gratuito,4.949523809523809,103.94,-103.94,0.0,0,ludico,0
Sisterhood Premium 55,2021-11-05,GIRONA,Friday,4,5,44,11,2021,otoño,34,26,26,499.72,0,pago,6.993235294117647,237.77,261.94999999999993,19.22,0,almuerzo,0
Sisterhood Free 56,2021-12-01,GIRONA,Wednesday,2,1,48,12,2021,invierno,27,0,23,0.0,1,gratuito,1.9240740740740745,51.95,-51.95,0.0,1,deportiva,0
Sisterhood Free 57,2021-12-01,GIRONA,Wednesday,2,1,48,12,2021,invierno,23,0,20,0.0,1,gratuito,5.9943478260869565,137.87,-137.87,0.0,0,almuerzo,0
Sisterhood Free 58,2021-12-01,GIRONA,Wednesday,2,1,48,12,2021,invierno,25,0,22,0.0,1,gratuito,2.958,73.95,-73.95,0.0,0,deportiva,0
Sisterhood Free 59,2021-12-01,GIRONA,Wednesday,2,1,48,12,2021,invierno,22,0,20,0.0,1,gratuito,6.263636363636365,137.8,-137.8,0.0,0,almuerzo,0
Sisterhood Premium 60,2021-12-04,GIRONA,Saturday,5,4,48,12,2021,invierno,21,19,19,206.34,0,pago,8.233333333333334,172.9,33.43999999999997,10.86,1,deportiva,0
Sisterhood Free 61,2022-01-01,GIRONA,Saturday,5,1,0,1,2022,invierno,22,0,20,0.0,1,gratuito,5.271818181818182,115.98,-115.98,0.0,1,almuerzo,0
Sisterhood Free 62,2022-01-01,GIRONA,Saturday,5,1,0,1,2022,invierno,22,0,17,0.0,1,gratuito,3.0231818181818184,66.51,-66.51,0.0,0,ludico,0
Sisterhood Free 63,2022-01-01,GIRONA,Saturday,5,1,0,1,2022,invierno,21,0,16,0.0,1,gratuito,6.535238095238095,137.24,-137.24,0.0,0,almuerzo,0
Sisterhood Free 64,2022-01-01,GIRONA,Saturday,5,1,0,1,2022,invierno,25,0,21,0.0,1,gratuito,5.8576,146.44,-146.44,0.0,0,ludico,0
Sisterhood Premium 65,2022-01-01,GIRONA,Saturday,5,1,0,1,2022,invierno,25,19,19,333.45,0,pago,8.139199999999999,203.48,129.97,17.55,0,ludico,0
Sisterhood Free 66,2022-02-01,GIRONA,Tuesday,1,1,5,2,2022,invierno,24,0,21,0.0,1,gratuito,3.7458333333333336,89.9,-89.9,0.0,1,almuerzo,0
Sisterhood Free 67,2022-02-01,GIRONA,Tuesday,1,1,5,2,2022,invierno,20,0,17,0.0,1,gratuito,4.6905,93.81,-93.81,0.0,0,almuerzo,0
Sisterhood Free 68,2022-02-01,GIRONA,Tuesday,1,1,5,2,2022,invierno,22,0,17,0.0,1,gratuito,4.325,95.15,-95.15,0.0,0,ludico,0
Sisterhood Free 69,2022-02-01,GIRONA,Tuesday,1,1,5,2,2022,invierno,22,0,20,0.0,1,gratuito,3.294090909090909,72.47,-72.47,0.0,0,almuerzo,0
Sisterhood Premium 70,2022-02-04,GIRONA,Friday,4,4,5,2,2022,invierno,27,23,23,234.83,0,pago,6.781111111111112,183.09,51.74000000000001,10.21,0,ludico,0
Sisterhood Free 71,2022-03-01,GIRONA,Tuesday,1,1,9,3,2022,primavera,17,0,16,0.0,1,gratuito,3.3588235294117648,57.1,-57.1,0.0,0,deportiva,0
Sisterhood Free 72,2022-03-01,GIRONA,Tuesday,1,1,9,3,2022,primavera,22,0,21,0.0,1,gratuito,3.313181818181818,72.89,-72.89,0.0,0,almuerzo,0
Sisterhood Free 73,2022-03-01,GIRONA,Tuesday,1,1,9,3,2022,primavera,22,0,21,0.0,1,gratuito,6.180000000000001,135.96,-135.96,0.0,0,deportiva,0
Sisterhood Free 74,2022-03-01,GIRONA,Tuesday,1,1,9,3,2022,primavera,20,0,19,0.0,1,gratuito,5.071,101.42,-101.42,0.0,0,almuerzo,0
Sisterhood Premium 75,2022-03-06,GIRONA,Sunday,6,6,9,3,2022,primavera,26,22,22,367.18,0,pago,5.082307692307692,132.14,235.04,16.69,0,ludico,0
Sisterhood Free 76,2022-04-01,GIRONA,Friday,4,1,13,4,2022,primavera,24,0,22,0.0,1,gratuito,5.3525,128.46,-128.46,0.0,0,ludico,0
Sisterhood Free 77,2022-04-01,GIRONA,Friday,4,1,13,4,2022,primavera,21,0,17,0.0,1,gratuito,3.287619047619048,69.04,-69.04,0.0,0,deportiva,0
Sisterhood Free 78,2022-04-01,GIRONA,Friday,4,1,13,4,2022,primavera,21,0,20,0.0,1,gratuito,5.519047619047619,115.9,-115.9,0.0,1,ludico,0
Sisterhood Free 79,2022-04-01,GIRONA,Friday,4,1,13,4,2022,primavera,24,0,21,0.0,1,gratuito,3.848333333333333,92.36,-92.36,0.0,0,ludico,0
Sisterhood Premium 80,2022-04-01,GIRONA,Friday,4,1,13,4,2022,primavera,30,25,25,466.0,0,pago,3.604333333333333,108.13,357.87,18.64,0,almuerzo,0
Sisterhood Free 81,2022-05-01,GIRONA,Sunday,6,1,18,5,2022,primavera,22,0,21,0.0,1,gratuito,2.5481818181818183,56.06,-56.06,0.0,0,deportiva,0
Sisterhood Free 82,2022-05-01,GIRONA,Sunday,6,1,18,5,2022,primavera,24,0,21,0.0,1,gratuito,5.4191666666666665,130.06,-130.06,0.0,0,ludico,0
Sisterhood Free 83,2022-05-01,GIRONA,Sunday,6,1,18,5,2022,primavera,22,0,21,0.0,1,gratuito,3.4031818181818183,74.87,-74.87,0.0,0,ludico,0
Sisterhood Free 84,2022-05-01,GIRONA,Sunday,6,1,18,5,2022,primavera,25,0,23,0.0,1,gratuito,4.1452,103.63,-103.63,0.0,0,almuerzo,0
Sisterhood Premium 85,2022-05-01,GIRONA,Sunday,6,1,18,5,2022,primavera,26,23,23,327.06,0,pago,5.453076923076923,141.78,185.28,14.22,0,almuerzo,0
Sisterhood Free 86,2022-06-01,GIRONA,Wednesday,2,1,22,6,2022,verano,21,0,19,0.0,1,gratuito,6.545238095238095,137.45,-137.45,0.0,0,ludico,0
Sisterhood Free 87,2022-06-01,GIRONA,Wednesday,2,1,22,6,2022,verano,23,0,22,0.0,1,gratuito,4.100434782608696,94.31,-94.31,0.0,1,almuerzo,0
Sisterhood Free 88,2022-06-01,GIRONA,Wednesday,2,1,22,6,2022,verano,20,0,15,0.0,1,gratuito,2.9895,59.79,-59.79,0.0,0,almuerzo,0
Sisterhood Free 89,2022-06-01,GIRONA,Wednesday,2,1,22,6,2022,verano,25,0,20,0.0,1,gratuito,5.343999999999999,133.6,-133.6,0.0,0,almuerzo,0
Sisterhood Premium 90,2022-06-05,GIRONA,Sunday,6,5,22,6,2022,verano,22,20,20,385.2000000000001,0,pago,10.331818181818182,227.3,157.90000000000003,19.26,0,almuerzo,0
Sisterhood Free 91,2022-07-01,GIRONA,Friday,4,1,26,7,2022,verano,24,0,20,0.0,1,gratuito,2.9737500000000003,71.37,-71.37,0.0,0,ludico,0
Sisterhood Free 92,2022-07-01,GIRONA,Friday,4,1,26,7,2022,verano,22,0,18,0.0,1,gratuito,6.374545454545455,140.24,-140.24,0.0,0,deportiva,0
Sisterhood Free 93,2022-07-01,GIRONA,Friday,4,1,26,7,2022,verano,15,0,13,0.0,1,gratuito,5.86,87.9,-87.9,0.0,0,almuerzo,0
Sisterhood Free 94,2022-07-01,GIRONA,Friday,4,1,26,7,2022,verano,24,0,20,0.0,1,gratuito,3.188333333333333,76.52,-76.52,0.0,0,almuerzo,0
Sisterhood Premium 95,2022-07-01,GIRONA,Friday,4,1,26,7,2022,verano,30,22,22,392.7000000000001,0,pago,4.759666666666666,142.79,249.91000000000005,17.85,0,almuerzo,0
Sisterhood Free 96,2022-08-01,GIRONA,Monday,0,1,31,8,2022,verano,27,0,22,0.0,1,gratuito,4.303333333333334,116.19,-116.19,0.0,1,almuerzo,0
Sisterhood Free 97,2022-08-01,GIRONA,Monday,0,1,31,8,2022,verano,29,0,25,0.0,1,gratuito,2.2579310344827586,65.48,-65.48,0.0,0,almuerzo,0
Sisterhood Free 98,2022-08-01,GIRONA,Monday,0,1,31,8,2022,verano,24,0,21,0.0,1,gratuito,2.9904166666666665,71.77,-71.77,0.0,0,ludico,0
Sisterhood Free 99,2022-08-01,GIRONA,Monday,0,1,31,8,2022,verano,27,0,26,0.0,1,gratuito,3.997037037037037,107.92,-107.92,0.0,0,almuerzo,0
Sisterhood Premium 100,2022-08-07,GIRONA,Sunday,6,7,31,8,2022,verano,28,22,22,233.42,0,pago,5.251428571428571,147.04,86.38,10.61,0,ludico,0
Sisterhood Free 101,2022-09-01,GIRONA,Thursday,3,1,35,9,2022,otoño,26,0,21,0.0,1,gratuito,5.4592307692307696,141.94,-141.94,0.0,0,almuerzo,0
Sisterhood Free 102,2022-09-01,GIRONA,Thursday,3,1,35,9,2022,otoño,27,0,22,0.0,1,gratuito,2.4348148148148145,65.74,-65.74,0.0,0,almuerzo,0
Sisterhood Free 103,2022-09-01,GIRONA,Thursday,3,1,35,9,2022,otoño,24,0,19,0.0,1,gratuito,2.4170833333333333,58.01,-58.01,0.0,0,ludico,0
Sisterhood Free 104,2022-09-01,GIRONA,Thursday,3,1,35,9,2022,otoño,18,0,16,0.0,1,gratuito,3.158333333333333,56.85,-56.85,0.0,0,almuerzo,0
Sisterhood Premium 105,2022-09-03,GIRONA,Saturday,5,3,35,9,2022,otoño,30,28,28,469.0,0,pago,4.509333333333333,135.28,333.72,16.75,0,deportiva,0
Sisterhood Free 106,2022-10-01,GIRONA,Saturday,5,1,39,10,2022,otoño,20,0,15,0.0,1,gratuito,5.4725,109.45,-109.45,0.0,0,almuerzo,0
Sisterhood Free 107,2022-10-01,GIRONA,Saturday,5,1,39,10,2022,otoño,25,0,20,0.0,1,gratuito,2.3280000000000003,58.2,-58.2,0.0,1,ludico,0
Sisterhood Free 108,2022-10-01,GIRONA,Saturday,5,1,39,10,2022,otoño,23,0,18,0.0,1,gratuito,4.631304347826087,106.52,-106.52,0.0,0,ludico,0
Sisterhood Free 109,2022-10-01,GIRONA,Saturday,5,1,39,10,2022,otoño,27,0,24,0.0,1,gratuito,5.313703703703704,143.47,-143.47,0.0,0,ludico,0
Sisterhood Premium 110,2022-10-01,GIRONA,Saturday,5,1,39,10,2022,otoño,26,23,23,384.1,0,pago,5.658846153846154,147.13,236.97,16.7,0,almuerzo,0
Sisterhood Free 111,2022-11-01,GIRONA,Tuesday,1,1,44,11,2022,otoño,23,0,20,0.0,1,gratuito,3.894782608695652,89.58,-89.58,0.0,1,almuerzo,0
Sisterhood Free 112,2022-11-01,GIRONA,Tuesday,1,1,44,11,2022,otoño,21,0,18,0.0,1,gratuito,4.558095238095238,95.72,-95.72,0.0,0,almuerzo,0
Sisterhood Free 113,2022-11-01,GIRONA,Tuesday,1,1,44,11,2022,otoño,19,0,18,0.0,1,gratuito,2.6805263157894736,50.93,-50.93,0.0,1,ludico,0
Sisterhood Free 114,2022-11-01,GIRONA,Tuesday,1,1,44,11,2022,otoño,27,0,22,0.0,1,gratuito,5.55,149.85,-149.85,0.0,0,deportiva,0
Sisterhood Premium 115,2022-11-06,GIRONA,Sunday,6,6,44,11,2022,otoño,29,27,27,289.71000000000004,0,pago,4.550689655172413,131.97,157.74000000000004,10.73,0,almuerzo,0
Sisterhood Free 116,2022-12-01,GIRONA,Thursday,3,1,48,12,2022,invierno,22,0,21,0.0,1,gratuito,6.269545454545455,137.93,-137.93,0.0,0,ludico,0
Sisterhood Free 117,2022-12-01,GIRONA,Thursday,3,1,48,12,2022,invierno,22,0,19,0.0,1,gratuito,3.5681818181818183,78.5,-78.5,0.0,0,ludico,0
Sisterhood Free 118,2022-12-01,GIRONA,Thursday,3,1,48,12,2022,invierno,24,0,20,0.0,1,gratuito,5.557083333333334,133.37,-133.37,0.0,0,deportiva,0
Sisterhood Free 119,2022-12-01,GIRONA,Thursday,3,1,48,12,2022,invierno,22,0,19,0.0,1,gratuito,5.053181818181819,111.17,-111.17,0.0,0,ludico,0
Sisterhood Premium 120,2022-12-02,GIRONA,Friday,4,2,48,12,2022,invierno,29,21,21,347.34,0,pago,3.4886206896551726,101.17,246.17,16.54,1,deportiva,0
Sisterhood Free 121,2023-01-01,GIRONA,Sunday,6,1,1,1,2023,invierno,26,0,23,0.0,1,gratuito,5.506923076923077,143.18,-143.18,0.0,0,deportiva,0
Sisterhood Free 122,2023-01-01,GIRONA,Sunday,6,1,1,1,2023,invierno,21,0,20,0.0,1,gratuito,6.851904761904761,143.89,-143.89,0.0,0,almuerzo,0
Sisterhood Free 123,2023-01-01,GIRONA,Sunday,6,1,1,1,2023,invierno,22,0,20,0.0,1,gratuito,3.475,76.45,-76.45,0.0,0,ludico,0
Sisterhood Free 124,2023-01-01,GIRONA,Sunday,6,1,1,1,2023,invierno,20,0,19,0.0,1,gratuito,6.212,124.24,-124.24,0.0,0,almuerzo,0
Sisterhood Premium 125,2023-01-01,GIRONA,Sunday,6,1,1,1,2023,invierno,17,14,14,178.08,0,pago,11.218823529411765,190.72,-12.639999999999986,12.72,0,ludico,0
Sisterhood Free 126,2023-02-01,GIRONA,Wednesday,2,1,5,2,2023,invierno,19,0,16,0.0,1,gratuito,3.703157894736842,70.36,-70.36,0.0,0,ludico,0
Sisterhood Free 127,2023-02-01,GIRONA,Wednesday,2,1,5,2,2023,invierno,22,0,19,0.0,1,gratuito,4.57,100.54,-100.54,0.0,1,ludico,0
Sisterhood Free 128,2023-02-01,GIRONA,Wednesday,2,1,5,2,2023,invierno,20,0,17,0.0,1,gratuito,7.0265,140.53,-140.53,0.0,0,deportiva,0
Sisterhood Free 129,2023-02-01,GIRONA,Wednesday,2,1,5,2,2023,invierno,18,0,17,0.0,1,gratuito,3.2905555555555552,59.23,-59.23,0.0,1,ludico,0
Sisterhood Premium 130,2023-02-04,GIRONA,Saturday,5,4,5,2,2023,invierno,23,18,18,329.22,0,pago,4.635217391304348,106.61,222.61,18.29,0,almuerzo,0
Sisterhood Free 131,2023-03-01,GIRONA,Wednesday,2,1,9,3,2023,primavera,23,0,20,0.0,1,gratuito,2.8765217391304345,66.16,-66.16,0.0,1,ludico,0
Sisterhood Free 132,2023-03-01,GIRONA,Wednesday,2,1,9,3,2023,primavera,22,0,18,0.0,1,gratuito,4.780454545454545,105.17,-105.17,0.0,0,almuerzo,0
Sisterhood Free 133,2023-03-01,GIRONA,Wednesday,2,1,9,3,2023,primavera,19,0,15,0.0,1,gratuito,5.583684210526316,106.09,-106.09,0.0,0,deportiva,0
Sisterhood Free 134,2023-03-01,GIRONA,Wednesday,2,1,9,3,2023,primavera,16,0,15,0.0,1,gratuito,3.595,57.52,-57.52,0.0,0,ludico,0
Sisterhood Premium 135,2023-03-03,GIRONA,Friday,4,3,9,3,2023,primavera,28,21,21,399.84,0,pago,6.494285714285715,181.84,218.0,19.04,0,ludico,0
Sisterhood Free 136,2023-04-01,GIRONA,Saturday,5,1,13,4,2023,primavera,24,0,19,0.0,1,gratuito,4.385416666666667,105.25,-105.25,0.0,0,deportiva,0
Sisterhood Free 137,2023-04-01,GIRONA,Saturday,5,1,13,4,2023,primavera,23,0,19,0.0,1,gratuito,2.727826086956522,62.74,-62.74,0.0,1,almuerzo,0
Sisterhood Free 138,2023-04-01,GIRONA,Saturday,5,1,13,4,2023,primavera,19,0,16,0.0,1,gratuito,4.551052631578948,86.47,-86.47,0.0,1,almuerzo,0
Sisterhood Free 139,2023-04-01,GIRONA,Saturday,5,1,13,4,2023,primavera,21,0,20,0.0,1,gratuito,6.661428571428571,139.89,-139.89,0.0,0,ludico,0
Sisterhood Premium 140,2023-04-01,GIRONA,Saturday,5,1,13,4,2023,primavera,25,22,22,370.04,0,pago,8.0016,200.04,170.00000000000003,16.82,0,almuerzo,0
Sisterhood Free 141,2023-05-01,GIRONA,Monday,0,1,18,5,2023,primavera,25,0,22,0.0,1,gratuito,5.1204,128.01,-128.01,0.0,0,deportiva,0
Sisterhood Free 142,2023-05-01,GIRONA,Monday,0,1,18,5,2023,primavera,22,0,18,0.0,1,gratuito,6.699090909090909,147.38,-147.38,0.0,1,deportiva,0
Sisterhood Free 143,2023-05-01,GIRONA,Monday,0,1,18,5,2023,primavera,22,0,20,0.0,1,gratuito,6.480909090909091,142.58,-142.58,0.0,1,ludico,0
Sisterhood Free 144,2023-05-01,GIRONA,Monday,0,1,18,5,2023,primavera,22,0,20,0.0,1,gratuito,6.202727272727273,136.46,-136.46,0.0,0,ludico,0
Sisterhood Premium 145,2023-05-07,GIRONA,Sunday,6,7,18,5,2023,primavera,37,29,29,525.1899999999999,0,pago,6.275945945945947,232.21,292.9799999999999,18.11,0,ludico,0
Sisterhood Free 146,2023-06-01,GIRONA,Thursday,3,1,22,6,2023,verano,26,0,22,0.0,1,gratuito,5.008461538461538,130.22,-130.22,0.0,0,deportiva,0
Sisterhood Free 147,2023-06-01,GIRONA,Thursday,3,1,22,6,2023,verano,28,0,26,0.0,1,gratuito,2.738571428571429,76.68,-76.68,0.0,0,almuerzo,0
Sisterhood Free 148,2023-06-01,GIRONA,Thursday,3,1,22,6,2023,verano,18,0,17,0.0,1,gratuito,4.902777777777778,88.25,-88.25,0.0,0,almuerzo,0
Sisterhood Free 149,2023-06-01,GIRONA,Thursday,3,1,22,6,2023,verano,18,0,17,0.0,1,gratuito,7.547777777777778,135.86,-135.86,0.0,0,deportiva,0
Sisterhood Premium 150,2023-06-03,GIRONA,Saturday,5,3,22,6,2023,verano,26,23,23,276.0,0,pago,9.145,237.77,38.22999999999999,12.0,0,ludico,0
Sisterhood Free 151,2023-07-01,GIRONA,Saturday,5,1,26,7,2023,verano,24,0,22,0.0,1,gratuito,2.1820833333333334,52.37,-52.37,0.0,0,almuerzo,0
Sisterhood Free 152,2023-07-01,GIRONA,Saturday,5,1,26,7,2023,verano,20,0,18,0.0,1,gratuito,4.4925,89.85,-89.85,0.0,0,ludico,0
Sisterhood Free 153,2023-07-01,GIRONA,Saturday,5,1,26,7,2023,verano,19,0,16,0.0,1,gratuito,7.181052631578948,136.44,-136.44,0.0,0,deportiva,0
Sisterhood Free 154,2023-07-01,GIRONA,Saturday,5,1,26,7,2023,verano,28,0,25,0.0,1,gratuito,3.0396428571428573,85.11,-85.11,0.0,1,almuerzo,0
Sisterhood Premium 155,2023-07-01,GIRONA,Saturday,5,1,26,7,2023,verano,30,24,24,336.0,0,pago,8.238999999999999,247.17,88.83000000000001,14.0,0,almuerzo,0
Sisterhood Free 156,2023-08-01,GIRONA,Tuesday,1,1,31,8,2023,verano,23,0,18,0.0,1,gratuito,3.613478260869565,83.11,-83.11,0.0,0,almuerzo,0
Sisterhood Free 157,2023-08-01,GIRONA,Tuesday,1,1,31,8,2023,verano,20,0,19,0.0,1,gratuito,3.0765,61.53,-61.53,0.0,0,almuerzo,0
Sisterhood Free 158,2023-08-01,GIRONA,Tuesday,1,1,31,8,2023,verano,26,0,23,0.0,1,gratuito,2.61,67.86,-67.86,0.0,1,deportiva,0
Sisterhood Free 159,2023-08-01,GIRONA,Tuesday,1,1,31,8,2023,verano,23,0,20,0.0,1,gratuito,2.340434782608696,53.83,-53.83,0.0,0,deportiva,0
Sisterhood Premium 160,2023-08-05,GIRONA,Saturday,5,5,31,8,2023,verano,25,19,19,272.65,0,pago,8.3712,209.28,63.369999999999976,14.35,0,almuerzo,0
Sisterhood Free 161,2023-09-01,GIRONA,Friday,4,1,35,9,2023,otoño,20,0,16,0.0,1,gratuito,6.9975,139.95,-139.95,0.0,0,ludico,0
Sisterhood Free 162,2023-09-01,GIRONA,Friday,4,1,35,9,2023,otoño,21,0,19,0.0,1,gratuito,3.593809523809524,75.47,-75.47,0.0,0,ludico,0
Sisterhood Free 163,2023-09-01,GIRONA,Friday,4,1,35,9,2023,otoño,19,0,15,0.0,1,gratuito,2.6405263157894736,50.17,-50.17,0.0,1,ludico,0
Sisterhood Free 164,2023-09-01,GIRONA,Friday,4,1,35,9,2023,otoño,28,0,23,0.0,1,gratuito,4.238928571428572,118.69,-118.69,0.0,0,ludico,0
Sisterhood Premium 165,2023-09-03,GIRONA,Sunday,6,3,35,9,2023,otoño,34,27,27,468.99,0,pago,3.8105882352941176,129.56,339.43,17.37,0,ludico,0
Sisterhood Free 166,2023-10-01,GIRONA,Sunday,6,1,40,10,2023,otoño,25,0,20,0.0,1,gratuito,3.2556,81.39,-81.39,0.0,0,almuerzo,0
Sisterhood Free 167,2023-10-01,GIRONA,Sunday,6,1,40,10,2023,otoño,22,0,21,0.0,1,gratuito,5.544545454545455,121.98,-121.98,0.0,0,almuerzo,0
Sisterhood Free 168,2023-10-01,GIRONA,Sunday,6,1,40,10,2023,otoño,27,0,24,0.0,1,gratuito,3.73,100.71,-100.71,0.0,1,almuerzo,0
Sisterhood Free 169,2023-10-01,GIRONA,Sunday,6,1,40,10,2023,otoño,27,0,23,0.0,1,gratuito,3.06,82.62,-82.62,0.0,0,almuerzo,0
Sisterhood Premium 170,2023-10-01,GIRONA,Sunday,6,1,40,10,2023,otoño,29,22,22,285.12,0,pago,4.106551724137932,119.09,166.03,12.96,0,almuerzo,0
Sisterhood Free 171,2023-11-01,GIRONA,Wednesday,2,1,44,11,2023,otoño,28,0,24,0.0,1,gratuito,4.160357142857142,116.49,-116.49,0.0,0,ludico,0
Sisterhood Free 172,2023-11-01,GIRONA,Wednesday,2,1,44,11,2023,otoño,24,0,20,0.0,1,gratuito,4.9054166666666665,117.73,-117.73,0.0,0,deportiva,0
Sisterhood Free 173,2023-11-01,GIRONA,Wednesday,2,1,44,11,2023,otoño,16,0,14,0.0,1,gratuito,6.971875,111.55,-111.55,0.0,0,deportiva,0
Sisterhood Free 174,2023-11-01,GIRONA,Wednesday,2,1,44,11,2023,otoño,22,0,19,0.0,1,gratuito,4.118636363636363,90.61,-90.61,0.0,0,almuerzo,0
Sisterhood Premium 175,2023-11-05,GIRONA,Sunday,6,5,44,11,2023,otoño,30,22,22,220.0,0,pago,4.768,143.04,76.96000000000001,10.0,1,almuerzo,0
Sisterhood Free 176,2023-12-01,GIRONA,Friday,4,1,48,12,2023,invierno,26,0,22,0.0,1,gratuito,3.6223076923076927,94.18,-94.18,0.0,1,almuerzo,0
Sisterhood Free 177,2023-12-01,GIRONA,Friday,4,1,48,12,2023,invierno,23,0,21,0.0,1,gratuito,4.396521739130435,101.12,-101.12,0.0,0,almuerzo,0
Sisterhood Free 178,2023-12-01,GIRONA,Friday,4,1,48,12,2023,invierno,19,0,17,0.0,1,gratuito,6.099473684210526,115.89,-115.89,0.0,0,almuerzo,0
Sisterhood Free 179,2023-12-01,GIRONA,Friday,4,1,48,12,2023,invierno,20,0,17,0.0,1,gratuito,5.0775,101.55,-101.55,0.0,0,almuerzo,0
Sisterhood Premium 180,2023-12-01,GIRONA,Friday,4,1,48,12,2023,invierno,26,19,19,307.61,0,pago,4.385,114.01,193.6,16.19,0,almuerzo,0
Sisterhood Free 181,2024-01-01,GIRONA,Monday,0,1,0,1,2024,invierno,21,0,19,0.0,1,gratuito,5.584761904761905,117.28,-117.28,0.0,0,almuerzo,0
Sisterhood Free 182,2024-01-01,GIRONA,Monday,0,1,0,1,2024,invierno,18,0,16,0.0,1,gratuito,7.258888888888888,130.66,-130.66,0.0,0,ludico,0
Sisterhood Free 183,2024-01-01,GIRONA,Monday,0,1,0,1,2024,invierno,19,0,17,0.0,1,gratuito,2.76,52.44,-52.44,0.0,0,deportiva,0
Sisterhood Free 184,2024-01-01,GIRONA,Monday,0,1,0,1,2024,invierno,22,0,20,0.0,1,gratuito,6.744999999999999,148.39,-148.39,0.0,1,almuerzo,0
Sisterhood Premium 185,2024-01-06,GIRONA,Saturday,5,6,0,1,2024,invierno,25,19,19,351.5,0,pago,4.4368,110.92,240.58,18.5,0,almuerzo,0
Sisterhood Free 186,2024-02-01,GIRONA,Thursday,3,1,4,2,2024,invierno,26,0,22,0.0,1,gratuito,3.824615384615385,99.44,-99.44,0.0,0,almuerzo,0
Sisterhood Free 187,2024-02-01,GIRONA,Thursday,3,1,4,2,2024,invierno,17,0,15,0.0,1,gratuito,3.8094117647058825,64.76,-64.76,0.0,0,ludico,0
Sisterhood Free 188,2024-02-01,GIRONA,Thursday,3,1,4,2,2024,invierno,25,0,24,0.0,1,gratuito,5.5708,139.27,-139.27,0.0,1,almuerzo,0
Sisterhood Free 189,2024-02-01,GIRONA,Thursday,3,1,4,2,2024,invierno,22,0,21,0.0,1,gratuito,5.810909090909092,127.84,-127.84,0.0,0,ludico,0
Sisterhood Premium 190,2024-02-02,GIRONA,Friday,4,2,4,2,2024,invierno,23,20,20,235.2,0,pago,10.595217391304349,243.69,-8.490000000000009,11.76,1,almuerzo,0
Sisterhood Free 191,2024-03-01,GIRONA,Friday,4,1,8,3,2024,primavera,16,0,15,0.0,1,gratuito,6.60875,105.74,-105.74,0.0,0,almuerzo,0
Sisterhood Free 192,2024-03-01,GIRONA,Friday,4,1,8,3,2024,primavera,21,0,20,0.0,1,gratuito,4.5547619047619055,95.65,-95.65,0.0,1,almuerzo,0
Sisterhood Free 193,2024-03-01,GIRONA,Friday,4,1,8,3,2024,primavera,22,0,18,0.0,1,gratuito,5.307272727272728,116.76,-116.76,0.0,1,deportiva,0
Sisterhood Free 194,2024-03-01,GIRONA,Friday,4,1,8,3,2024,primavera,21,0,16,0.0,1,gratuito,5.216666666666667,109.55,-109.55,0.0,0,ludico,0
Sisterhood Premium 195,2024-03-01,GIRONA,Friday,4,1,8,3,2024,primavera,32,24,24,453.84,0,pago,5.996875,191.9,261.94000000000005,18.91,1,ludico,0
Sisterhood Free 196,2024-04-01,GIRONA,Monday,0,1,13,4,2024,primavera,29,0,24,0.0,1,gratuito,3.1955172413793105,92.67,-92.67,0.0,0,ludico,0
Sisterhood Free 197,2024-04-01,GIRONA,Monday,0,1,13,4,2024,primavera,21,0,16,0.0,1,gratuito,4.504285714285714,94.59,-94.59,0.0,0,almuerzo,0
Sisterhood Free 198,2024-04-01,GIRONA,Monday,0,1,13,4,2024,primavera,21,0,19,0.0,1,gratuito,5.922380952380952,124.37,-124.37,0.0,0,ludico,0
Sisterhood Free 199,2024-04-01,GIRONA,Monday,0,1,13,4,2024,primavera,19,0,15,0.0,1,gratuito,5.000526315789474,95.01,-95.01,0.0,1,almuerzo,0
Sisterhood Premium 200,2024-04-05,GIRONA,Friday,4,5,13,4,2024,primavera,35,27,27,336.69,0,pago,5.59,195.65,141.04,12.47,0,almuerzo,0
Sisterhood Free 201,2024-05-01,GIRONA,Wednesday,2,1,17,5,2024,primavera,23,0,18,0.0,1,gratuito,4.280869565217391,98.46,-98.46,0.0,0,deportiva,0
Sisterhood Free 202,2024-05-01,GIRONA,Wednesday,2,1,17,5,2024,primavera,19,0,17,0.0,1,gratuito,4.076842105263157,77.46,-77.46,0.0,1,ludico,0
Sisterhood Free 203,2024-05-01,GIRONA,Wednesday,2,1,17,5,2024,primavera,21,0,20,0.0,1,gratuito,5.7785714285714285,121.35,-121.35,0.0,1,almuerzo,0
Sisterhood Free 204,2024-05-01,GIRONA,Wednesday,2,1,17,5,2024,primavera,21,0,19,0.0,1,gratuito,3.6747619047619047,77.17,-77.17,0.0,0,deportiva,0
Sisterhood Premium 205,2024-05-05,GIRONA,Sunday,6,5,17,5,2024,primavera,29,25,25,473.25,0,pago,3.865172413793104,112.09,361.16,18.93,0,ludico,0
Sisterhood Free 206,2024-06-01,GIRONA,Saturday,5,1,21,6,2024,verano,24,0,22,0.0,1,gratuito,5.026666666666666,120.64,-120.64,0.0,0,ludico,0
Sisterhood Free 207,2024-06-01,GIRONA,Saturday,5,1,21,6,2024,verano,15,0,14,0.0,1,gratuito,6.099333333333333,91.49,-91.49,0.0,0,almuerzo,0
Sisterhood Free 208,2024-06-01,GIRONA,Saturday,5,1,21,6,2024,verano,24,0,21,0.0,1,gratuito,4.344166666666667,104.26,-104.26,0.0,0,almuerzo,0
Sisterhood Free 209,2024-06-01,GIRONA,Saturday,5,1,21,6,2024,verano,19,0,15,0.0,1,gratuito,2.959473684210526,56.23,-56.23,0.0,1,ludico,0
Sisterhood Premium 210,2024-06-01,GIRONA,Saturday,5,1,21,6,2024,verano,33,25,25,355.0,0,pago,7.143333333333333,235.73,119.27,14.2,0,ludico,0
Sisterhood Free 211,2024-07-01,GIRONA,Monday,0,1,26,7,2024,verano,24,0,19,0.0,1,gratuito,6.025416666666668,144.61,-144.61,0.0,0,almuerzo,0
Sisterhood Free 212,2024-07-01,GIRONA,Monday,0,1,26,7,2024,verano,17,0,16,0.0,1,gratuito,7.980588235294117,135.67,-135.67,0.0,0,almuerzo,0
Sisterhood Free 213,2024-07-01,GIRONA,Monday,0,1,26,7,2024,verano,28,0,23,0.0,1,gratuito,3.1442857142857146,88.04,-88.04,0.0,0,ludico,0
Sisterhood Free 214,2024-07-01,GIRONA,Monday,0,1,26,7,2024,verano,19,0,18,0.0,1,gratuito,7.593157894736842,144.27,-144.27,0.0,0,ludico,0
Sisterhood Premium 215,2024-07-05,GIRONA,Friday,4,5,26,7,2024,verano,21,17,17,298.01,0,pago,10.858095238095238,228.02,69.98999999999998,17.53,0,deportiva,0
Sisterhood Free 216,2024-08-01,GIRONA,Thursday,3,1,30,8,2024,verano,21,0,17,0.0,1,gratuito,4.943809523809524,103.82,-103.82,0.0,0,deportiva,0
Sisterhood Free 217,2024-08-01,GIRONA,Thursday,3,1,30,8,2024,verano,26,0,21,0.0,1,gratuito,4.999615384615385,129.99,-129.99,0.0,0,almuerzo,0
Sisterhood Free 218,2024-08-01,GIRONA,Thursday,3,1,30,8,2024,verano,20,0,18,0.0,1,gratuito,4.941,98.82,-98.82,0.0,1,ludico,0
Sisterhood Free 219,2024-08-01,GIRONA,Thursday,3,1,30,8,2024,verano,26,0,23,0.0,1,gratuito,3.599230769230769,93.58,-93.58,0.0,1,ludico,0
Sisterhood Premium 220,2024-08-02,GIRONA,Friday,4,2,30,8,2024,verano,24,22,22,305.58000000000004,0,pago,8.347083333333334,200.33,105.25000000000004,13.89,0,almuerzo,0
Sisterhood Free 221,2024-09-01,GIRONA,Sunday,6,1,35,9,2024,otoño,23,0,21,0.0,1,gratuito,5.828260869565218,134.05,-134.05,0.0,0,ludico,0
Sisterhood Free 222,2024-09-01,GIRONA,Sunday,6,1,35,9,2024,otoño,20,0,18,0.0,1,gratuito,7.403499999999999,148.07,-148.07,0.0,0,deportiva,0
Sisterhood Free 223,2024-09-01,GIRONA,Sunday,6,1,35,9,2024,otoño,28,0,23,0.0,1,gratuito,1.8821428571428571,52.7,-52.7,0.0,0,almuerzo,0
Sisterhood Free 224,2024-09-01,GIRONA,Sunday,6,1,35,9,2024,otoño,22,0,18,0.0,1,gratuito,4.963181818181818,109.19,-109.19,0.0,0,almuerzo,0
Sisterhood Premium 225,2024-09-01,GIRONA,Sunday,6,1,35,9,2024,otoño,34,27,27,277.29,0,pago,5.776764705882353,196.41,80.87999999999997,10.27,0,deportiva,0
Sisterhood Free 226,2024-10-01,GIRONA,Tuesday,1,1,39,10,2024,otoño,27,0,25,0.0,1,gratuito,5.062592592592592,136.69,-136.69,0.0,0,ludico,0
Sisterhood Free 227,2024-10-01,GIRONA,Tuesday,1,1,39,10,2024,otoño,22,0,20,0.0,1,gratuito,2.5013636363636365,55.03,-55.03,0.0,1,deportiva,0
Sisterhood Free 228,2024-10-01,GIRONA,Tuesday,1,1,39,10,2024,otoño,26,0,22,0.0,1,gratuito,3.1823076923076923,82.74,-82.74,0.0,0,almuerzo,0
Sisterhood Free 229,2024-10-01,GIRONA,Tuesday,1,1,39,10,2024,otoño,25,0,21,0.0,1,gratuito,3.3072000000000004,82.68,-82.68,0.0,0,ludico,0
Sisterhood Premium 230,2024-10-04,GIRONA,Friday,4,4,39,10,2024,otoño,37,29,29,545.2,0,pago,3.830810810810811,141.74,403.46,18.8,0,ludico,0
Sisterhood Free 231,2024-11-01,GIRONA,Friday,4,1,43,11,2024,otoño,22,0,18,0.0,1,gratuito,3.419545454545455,75.23,-75.23,0.0,0,ludico,0
Sisterhood Free 232,2024-11-01,GIRONA,Friday,4,1,43,11,2024,otoño,18,0,17,0.0,1,gratuito,5.390555555555555,97.03,-97.03,0.0,1,ludico,0
Sisterhood Free 233,2024-11-01,GIRONA,Friday,4,1,43,11,2024,otoño,26,0,21,0.0,1,gratuito,2.1234615384615383,55.21,-55.21,0.0,0,ludico,0
Sisterhood Free 234,2024-11-01,GIRONA,Friday,4,1,43,11,2024,otoño,24,0,21,0.0,1,gratuito,3.0175,72.42,-72.42,0.0,1,deportiva,0
Sisterhood Premium 235,2024-11-01,GIRONA,Friday,4,1,43,11,2024,otoño,30,28,28,498.68,0,pago,6.592,197.76,300.92,17.81,0,almuerzo,0
Sisterhood Free 236,2024-12-01,GIRONA,Sunday,6,1,48,12,2024,invierno,19,0,17,0.0,1,gratuito,3.681052631578947,69.94,-69.94,0.0,0,ludico,0
Sisterhood Free 237,2024-12-01,GIRONA,Sunday,6,1,48,12,2024,invierno,23,0,22,0.0,1,gratuito,4.875217391304347,112.13,-112.13,0.0,0,ludico,0
Sisterhood Free 238,2024-12-01,GIRONA,Sunday,6,1,48,12,2024,invierno,26,0,24,0.0,1,gratuito,2.4084615384615384,62.62,-62.62,0.0,0,almuerzo,0
Sisterhood Free 239,2024-12-01,GIRONA,Sunday,6,1,48,12,2024,invierno,15,0,14,0.0,1,gratuito,7.093333333333334,106.4,-106.4,0.0,0,deportiva,0
Sisterhood Premium 240,2024-12-01,GIRONA,Sunday,6,1,48,12,2024,invierno,29,26,26,380.9,0,pago,4.773793103448276,138.44,242.46000000000004,14.65,1,ludico,0
Sisterhood Free 241,2025-01-01,GIRONA,Wednesday,2,1,0,1,2025,invierno,30,0,27,0.0,1,gratuito,2.226,66.78,-66.78,0.0,1,deportiva,0
Sisterhood Free 242,2025-01-01,GIRONA,Wednesday,2,1,0,1,2025,invierno,25,0,20,0.0,1,gratuito,5.8548,146.37,-146.37,0.0,0,ludico,0
Sisterhood Free 243,2025-01-01,GIRONA,Wednesday,2,1,0,1,2025,invierno,22,0,21,0.0,1,gratuito,5.808181818181819,127.78,-127.78,0.0,0,almuerzo,0
Sisterhood Free 244,2025-01-01,GIRONA,Wednesday,2,1,0,1,2025,invierno,22,0,20,0.0,1,gratuito,6.657727272727272,146.47,-146.47,0.0,0,ludico,0
Sisterhood Premium 245,2025-01-03,GIRONA,Friday,4,3,0,1,2025,invierno,28,26,26,410.54,0,pago,8.547500000000001,239.33,171.20999999999995,15.79,0,deportiva,0
Sisterhood Free 246,2025-02-01,GIRONA,Saturday,5,1,4,2,2025,invierno,22,0,18,0.0,1,gratuito,4.075909090909091,89.67,-89.67,0.0,0,almuerzo,0
Sisterhood Free 247,2025-02-01,GIRONA,Saturday,5,1,4,2,2025,invierno,22,0,20,0.0,1,gratuito,2.618181818181818,57.6,-57.6,0.0,0,almuerzo,0
Sisterhood Free 248,2025-02-01,GIRONA,Saturday,5,1,4,2,2025,invierno,25,0,23,0.0,1,gratuito,2.4076,60.19,-60.19,0.0,1,almuerzo,0
Sisterhood Free 249,2025-02-01,GIRONA,Saturday,5,1,4,2,2025,invierno,19,0,16,0.0,1,gratuito,7.106842105263158,135.03,-135.03,0.0,0,deportiva,0
Sisterhood Premium 250,2025-02-01,GIRONA,Saturday,5,1,4,2,2025,invierno,26,20,20,361.2,0,pago,8.439615384615385,219.43,141.76999999999998,18.06,0,almuerzo,0
Sisterhood Free 251,2025-03-01,GIRONA,Saturday,5,1,8,3,2025,primavera,23,0,18,0.0,1,gratuito,5.576521739130435,128.26,-128.26,0.0,0,almuerzo,0
Sisterhood Free 252,2025-03-01,GIRONA,Saturday,5,1,8,3,2025,primavera,28,0,25,0.0,1,gratuito,3.688214285714285,103.27,-103.27,0.0,1,almuerzo,0
Sisterhood Free 253,2025-03-01,GIRONA,Saturday,5,1,8,3,2025,primavera,14,0,11,0.0,1,gratuito,4.064285714285714,56.9,-56.9,0.0,0,almuerzo,0
Sisterhood Free 254,2025-03-01,GIRONA,Saturday,5,1,8,3,2025,primavera,22,0,19,0.0,1,gratuito,2.3304545454545456,51.27,-51.27,0.0,0,ludico,0
Sisterhood Premium 255,2025-03-01,GIRONA,Saturday,5,1,8,3,2025,primavera,33,28,28,510.16,0,pago,3.51,115.83,394.33,18.22,1,deportiva,0
Sisterhood Free 256,2025-04-01,GIRONA,Tuesday,1,1,13,4,2025,primavera,19,0,16,0.0,1,gratuito,5.976842105263158,113.56,-113.56,0.0,0,ludico,0
Sisterhood Free 257,2025-04-01,GIRONA,Tuesday,1,1,13,4,2025,primavera,24,0,20,0.0,1,gratuito,5.0304166666666665,120.73,-120.73,0.0,0,deportiva,0
Sisterhood Free 258,2025-04-01,GIRONA,Tuesday,1,1,13,4,2025,primavera,23,0,19,0.0,1,gratuito,2.9395652173913045,67.61,-67.61,0.0,0,almuerzo,0
Sisterhood Free 259,2025-04-01,GIRONA,Tuesday,1,1,13,4,2025,primavera,24,0,19,0.0,1,gratuito,6.10625,146.55,-146.55,0.0,0,almuerzo,0
Sisterhood Premium 260,2025-04-04,GIRONA,Friday,4,4,13,4,2025,primavera,33,29,29,468.64,0,pago,7.21030303030303,237.94,230.7,16.16,0,almuerzo,0
Sisterhood Free 261,2025-05-01,GIRONA,Thursday,3,1,17,5,2025,primavera,16,0,12,0.0,1,gratuito,5.8475,93.56,-93.56,0.0,0,ludico,0
Sisterhood Free 262,2025-05-01,GIRONA,Thursday,3,1,17,5,2025,primavera,28,0,23,0.0,1,gratuito,2.744285714285714,76.84,-76.84,0.0,1,almuerzo,0
Sisterhood Free 263,2025-05-01,GIRONA,Thursday,3,1,17,5,2025,primavera,17,0,15,0.0,1,gratuito,7.827647058823529,133.07,-133.07,0.0,0,almuerzo,0
Sisterhood Free 264,2025-05-01,GIRONA,Thursday,3,1,17,5,2025,primavera,18,0,17,0.0,1,gratuito,4.327222222222222,77.89,-77.89,0.0,1,almuerzo,0
Sisterhood Premium 265,2025-05-02,GIRONA,Friday,4,2,17,5,2025,primavera,39,34,34,422.96,0,pago,4.351538461538461,169.71,253.25,12.44,1,almuerzo,0
Sisterhood Free 266,2025-06-01,GIRONA,Sunday,6,1,22,6,2025,verano,27,0,23,0.0,1,gratuito,3.097777777777778,83.64,-83.64,0.0,0,ludico,0
Sisterhood Free 267,2025-06-01,GIRONA,Sunday,6,1,22,6,2025,verano,22,0,18,0.0,1,gratuito,6.140909090909091,135.1,-135.1,0.0,0,almuerzo,0
Sisterhood Free 268,2025-06-01,GIRONA,Sunday,6,1,22,6,2025,verano,23,0,21,0.0,1,gratuito,4.293478260869565,98.75,-98.75,0.0,1,almuerzo,0
Sisterhood Free 269,2025-06-01,GIRONA,Sunday,6,1,22,6,2025,verano,25,0,22,0.0,1,gratuito,5.1912,129.78,-129.78,0.0,0,almuerzo,0
Sisterhood Premium 270,2025-06-01,GIRONA,Sunday,6,1,22,6,2025,verano,35,31,31,396.8,0,pago,5.412,189.42,207.38,12.8,0,almuerzo,0
Sisterhood Free 271,2025-07-01,GIRONA,Tuesday,1,1,26,7,2025,verano,24,0,21,0.0,1,gratuito,4.399166666666667,105.58,-105.58,0.0,1,almuerzo,0
Sisterhood Free 272,2025-07-01,GIRONA,Tuesday,1,1,26,7,2025,verano,24,0,19,0.0,1,gratuito,6.03375,144.81,-144.81,0.0,0,almuerzo,0
Sisterhood Free 273,2025-07-01,GIRONA,Tuesday,1,1,26,7,2025,verano,21,0,20,0.0,1,gratuito,3.5304761904761905,74.14,-74.14,0.0,0,deportiva,0
Sisterhood Free 274,2025-07-01,GIRONA,Tuesday,1,1,26,7,2025,verano,20,0,16,0.0,1,gratuito,4.943,98.86,-98.86,0.0,0,almuerzo,0
Sisterhood Premium 275,2025-07-04,GIRONA,Friday,4,4,26,7,2025,verano,34,26,26,322.40000000000003,0,pago,5.041470588235294,171.41,150.99000000000004,12.4,0,almuerzo,0
Sisterhood Free 276,2025-08-01,GIRONA,Friday,4,1,30,8,2025,verano,19,0,15,0.0,1,gratuito,6.804736842105263,129.29,-129.29,0.0,0,almuerzo,0
Sisterhood Free 277,2025-08-01,GIRONA,Friday,4,1,30,8,2025,verano,14,0,13,0.0,1,gratuito,5.672857142857143,79.42,-79.42,0.0,0,deportiva,0
Sisterhood Free 278,2025-08-01,GIRONA,Friday,4,1,30,8,2025,verano,29,0,25,0.0,1,gratuito,4.1096551724137935,119.18,-119.18,0.0,0,almuerzo,0
Sisterhood Free 279,2025-08-01,GIRONA,Friday,4,1,30,8,2025,verano,22,0,19,0.0,1,gratuito,5.290909090909091,116.4,-116.4,0.0,0,ludico,0
Sisterhood Premium 280,2025-08-03,GIRONA,Sunday,6,3,30,8,2025,verano,33,29,29,427.17,0,pago,5.443636363636363,179.64,247.53000000000003,14.73,0,almuerzo,0
Sisterhood Free 281,2025-09-01,GIRONA,Monday,0,1,35,9,2025,otoño,23,0,20,0.0,1,gratuito,5.23,120.29,-120.29,0.0,0,almuerzo,0
Sisterhood Free 282,2025-09-01,GIRONA,Monday,0,1,35,9,2025,otoño,17,0,14,0.0,1,gratuito,4.744705882352941,80.66,-80.66,0.0,1,deportiva,0
Sisterhood Free 283,2025-09-01,GIRONA,Monday,0,1,35,9,2025,otoño,22,0,20,0.0,1,gratuito,2.8213636363636363,62.07,-62.07,0.0,0,almuerzo,0
Sisterhood Free 284,2025-09-01,GIRONA,Monday,0,1,35,9,2025,otoño,23,0,21,0.0,1,gratuito,3.5456521739130435,81.55,-81.55,0.0,1,deportiva,0
Sisterhood Premium 285,2025-09-06,GIRONA,Saturday,5,6,35,9,2025,otoño,39,32,32,491.52,0,pago,5.495641025641026,214.33,277.18999999999994,15.36,0,ludico,0
Sisterhood Free 286,2025-10-01,GIRONA,Wednesday,2,1,39,10,2025,otoño,21,0,17,0.0,1,gratuito,3.697619047619048,77.65,-77.65,0.0,0,ludico,0
Sisterhood Free 287,2025-10-01,GIRONA,Wednesday,2,1,39,10,2025,otoño,25,0,20,0.0,1,gratuito,5.9064,147.66,-147.66,0.0,0,ludico,0
Sisterhood Free 288,2025-10-01,GIRONA,Wednesday,2,1,39,10,2025,otoño,27,0,22,0.0,1,gratuito,4.062222222222222,109.68,-109.68,0.0,0,deportiva,0
Sisterhood Free 289,2025-10-01,GIRONA,Wednesday,2,1,39,10,2025,otoño,15,0,14,0.0,1,gratuito,8.883999999999999,133.26,-133.26,0.0,0,almuerzo,0
Sisterhood Premium 290,2025-10-04,GIRONA,Saturday,5,4,39,10,2025,otoño,35,31,31,380.37,0,pago,3.6262857142857134,126.92,253.45,12.27,1,ludico,0
Sisterhood Free 291,2025-11-01,GIRONA,Saturday,5,1,43,11,2025,otoño,23,0,20,0.0,1,gratuito,2.3717391304347823,54.55,-54.55,0.0,0,almuerzo,0
Sisterhood Free 292,2025-11-01,GIRONA,Saturday,5,1,43,11,2025,otoño,18,0,17,0.0,1,gratuito,5.852222222222222,105.34,-105.34,0.0,0,almuerzo,0
Sisterhood Free 293,2025-11-01,GIRONA,Saturday,5,1,43,11,2025,otoño,19,0,17,0.0,1,gratuito,5.988947368421053,113.79,-113.79,0.0,0,almuerzo,0
Sisterhood Free 294,2025-11-01,GIRONA,Saturday,5,1,43,11,2025,otoño,27,0,23,0.0,1,gratuito,2.231851851851852,60.26,-60.26,0.0,0,deportiva,0
Sisterhood Premium 295,2025-11-01,GIRONA,Saturday,5,1,43,11,2025,otoño,34,32,32,503.68,0,pago,5.012058823529412,170.41,333.27,15.74,1,almuerzo,0
Sisterhood Free 296,2025-12-01,GIRONA,Monday,0,1,48,12,2025,invierno,26,0,22,0.0,1,gratuito,3.233461538461538,84.07,-84.07,0.0,0,almuerzo,0
Sisterhood Free 297,2025-12-01,GIRONA,Monday,0,1,48,12,2025,invierno,28,0,27,0.0,1,gratuito,2.6875,75.25,-75.25,0.0,0,ludico,0
Sisterhood Free 298,2025-12-01,GIRONA,Monday,0,1,48,12,2025,invierno,23,0,19,0.0,1,gratuito,2.67,61.41,-61.41,0.0,1,almuerzo,0
Sisterhood Free 299,2025-12-01,GIRONA,Monday,0,1,48,12,2025,invierno,20,0,19,0.0,1,gratuito,4.5035,90.07,-90.07,0.0,0,almuerzo,0
Sisterhood Premium 300,2025-12-07,GIRONA,Sunday,6,7,48,12,2025,invierno,34,32,32,504.64,0,pago,5.969705882352941,202.97,301.67,15.77,0,ludico,0
