media_id,fecha_post,caption,media_type,media_url,permalink,reach,likes,comments,shares,saved,total_interactions
17851022361466567,2025-06-02 16:33:35+00:00,"GRVL RUN

Ahir vam provar les noves Aero Glide 3 GRVL de @salomon.spain , pensades per a terrenys tipus gravel‚Ä¶ i Banyoles era el lloc perfecte per posar-les a prova.

Volta a l‚ÄôEstany, bon ambient, brunch i piscineo a @casamauibanyoles ! 
Name a better plan!! üòé",VIDEO,https://instagram.fvlc4-1.fna.fbcdn.net/o1/v/t16/f2/m86/AQMOlyDxf5N6KY0FXFt9ej191IiOJHrqGVZZpzqVwuizVf1-btHn6ny1TEkTY88w6_T9RBk8DnEzHmT5Ao2ZXTN9jLITkf-lCmSR2MA.mp4?efg=eyJ2ZW5jb2RlX3RhZyI6InZ0c192b2RfdXJsZ2VuLmNsaXBzLnVua25vd24tQzMuNzIwLmRhc2hfYmFzZWxpbmVfMV92MSJ9&_nc_ht=instagram.fvlc4-1.fna.fbcdn.net&edm=AM6HXa8EAAAA&_nc_gid=WgijbPcvsAVm4hze8ANvuw&_nc_cat=100&_nc_oc=AdmD4xNAFhz-q7R5sH1dj7pydeJ2lzHhUpqRIGd2rkIJQ1JPLJLHSSvZgbDyKwe2DLM&vs=946921450791692_2807689873&_nc_vs=HBksFQIYUmlnX3hwdl9yZWVsc19wZXJtYW5lbnRfc3JfcHJvZC9CODRGNDhFNEUzOTRFM0U2QkE0MDhBNTkzN0JBMUZBNl92aWRlb19kYXNoaW5pdC5tcDQVAALIARIAFQIYOnBhc3N0aHJvdWdoX2V2ZXJzdG9yZS9HQXNQQVI1NnJCZTN0aU1qQUR3eVYyS1ZpVjBFYnFfRUFBQUYVAgLIARIAKAAYABsBiAd1c2Vfb2lsATEVAAAmprW3%2FpnNnUAVAigCQzMsF0BCN2yLQ5WBGBJkYXNoX2Jhc2VsaW5lXzFfdjERAHUAZeadAQA%3D&ccb=9-4&oh=00_AfMsU0hPk4xvIDqWcQSi84-nkFVX4Ai06WzxmI3X_IstwA&oe=68488D80&_nc_sid=1d576d,https://www.instagram.com/reel/DKZ7wBssyc9/,2880,122,5,4,1,132
18059437051961054,2025-05-26 17:57:54+00:00,"‚ú® SAVE THE DATE: 8 de junio
üìç Playa de Santa Pola

Prep√°rate para una ma√±ana con sol, running suave y vibes de verano üåû
Carrerita en grupo, brunch en @bluewave_bybitacora y detallito de @dashandstars üéÅ

‚ö†Ô∏è Plazas muy limitadas
üëâüèº M√°s info e inscripciones en la BIO",IMAGE,https://scontent.cdninstagram.com/v/t51.75761-15/500717806_17958468029941757_2614364789937200857_n.jpg?stp=dst-jpg_e35_tt6&_nc_cat=104&ccb=1-7&_nc_sid=18de74&_nc_ohc=FLBCwrIEUsoQ7kNvwEew834&_nc_oc=Adne5-MLgClIb2-2zpq3kfpAZPDRvGuElvW_hCobw2417HPboYKWW3Kl5Jj__rDGJK4&_nc_zt=23&_nc_ht=scontent.cdninstagram.com&edm=AM6HXa8EAAAA&_nc_gid=WgijbPcvsAVm4hze8ANvuw&oh=00_AfMQf3rYEDvrJb9Lh8Mc6kq05ZCQ_IHWsmp4IjbUI70A6g&oe=684CA29D,https://www.instagram.com/p/DKIEC5XiNhw/,4578,79,8,2,3,92
17887922784259391,2025-05-24 07:30:00+00:00,"‚ú®SAVE THE DATE: 1 de juny! 
üìçBanyoles 

Prepareu-vos per una sortida molt especial amb sorpresa! ü´∂üèº

Farem un test de les noves Salomon Aero Glide 3 GRVL (acabades de sortir!) amb social run d‚Äôuns 10k des de @casamauibanyoles (Banyoles), brunch final i, si el temps acompanya, banyet a la piscina! üèÉüèº‚Äç‚ôÄÔ∏èüçìüèäüèΩ‚Äç‚ôÄÔ∏è

üéÅ Regals i sortejos TOP per a totes!
‚ö†Ô∏è Places limitades segons talles disponibles!

üëâüèº Si vols venir, envia‚Äôm un privat i t‚Äôexplico com reservar la teva pla√ßa!

@salomon.spain",IMAGE,https://scontent.cdninstagram.com/v/t51.75761-15/499828085_17958038870941757_470317453256761150_n.jpg?stp=dst-jpg_e35_tt6&_nc_cat=106&ccb=1-7&_nc_sid=18de74&_nc_ohc=tGoTfOFzuYsQ7kNvwFkBRUR&_nc_oc=AdnSKN2MTg_IzsEtp1I4OGuIsw322OgrqXZNzqptcdTSUNiVPUWWMBwfVQuMzCU5BSs&_nc_zt=23&_nc_ht=scontent.cdninstagram.com&edm=AM6HXa8EAAAA&_nc_gid=WgijbPcvsAVm4hze8ANvuw&oh=00_AfNM3s89NO8oqZRBjKRgsanoCy4dVpTDVL4Ga93MKmvEIQ&oe=684CA97B,https://www.instagram.com/p/DKBytR8sGbH/,1820,59,3,4,2,68
17923645964965424,2025-05-23 15:28:04+00:00,"LACE UP RUN üëü 

Ayer disfrutamos de un jueves diferente en Elche! 
En la tienda de @beurbanrunning Elche, aprendimos c√≥mo escoger las zapatillas de running adecuadas gracias a @podologiacs
Luego, salimos a correr 5k para testear juntas las @on CloudSurfer2 üèÉüèΩ‚Äç‚ôÄÔ∏è
Volvimos a la tienda para disfrutar de un recovery üßÉ y hablar de mucho running. ü•∞

üì∏ @mikemanitasfotografia",CAROUSEL_ALBUM,https://scontent.cdninstagram.com/v/t51.75761-15/500950731_17958038168941757_4858068911089851036_n.jpg?stp=dst-jpg_e35_tt6&_nc_cat=105&ccb=1-7&_nc_sid=18de74&_nc_ohc=tPBnkTRVW28Q7kNvwEK7VBu&_nc_oc=AdlBLQL3qp1dMmxGfFB7N5q7WmskWlXQ_NoiPfMHya3Si5_G5LEZTtS7Nf13blR3OXU&_nc_zt=23&_nc_ht=scontent.cdninstagram.com&edm=AM6HXa8EAAAA&_nc_gid=WgijbPcvsAVm4hze8ANvuw&oh=00_AfOTccpZaWvTf_y_WMsrTvygmJKihXGAaEkrGWzeHveF3A&oe=684CA3E7,https://www.instagram.com/p/DKAEgxvM3UX/,2855,84,8,11,3,106
18085454563641405,2025-05-13 11:13:47+00:00,"RUNdeo vibesüî•

Un recap d‚Äôalgunes fotos del divendres passat al RUNdeo (Run+tardeo) al @jardinsgala üç∏üèÉüèΩ‚Äç‚ôÄÔ∏è

Gr√†cies a tots els que vau venir ü•≥
A @quetzal.sports üéΩ, @naakbars üç´ i @pranarom_es ü¶µüèΩ

üéß @didac_balaguer 
üì∏ @70pts (sempre a les millors mans üòò)",CAROUSEL_ALBUM,https://scontent.cdninstagram.com/v/t51.75761-15/498020623_17956931651941757_2096010482238804118_n.jpg?stp=dst-jpg_e35_tt6&_nc_cat=103&ccb=1-7&_nc_sid=18de74&_nc_ohc=AYJpvojHzFkQ7kNvwGAgXX_&_nc_oc=AdltUl2d7rRMgBL9YIcEKTPCxRL4vPf5VhHS2UgEcfkB2mW67h4JRQjW7NSwhNZIIQA&_nc_zt=23&_nc_ht=scontent.cdninstagram.com&edm=AM6HXa8EAAAA&_nc_gid=WgijbPcvsAVm4hze8ANvuw&oh=00_AfN-myQQ4usMyiqJsp1wlZikhujRCQ-mehmC4nX2uZBdwA&oe=684CA36E,https://www.instagram.com/p/DJl3dmcM_5t/,2634,166,5,7,2,180
17938670954889231,2025-05-02 16:10:52+00:00,"¬øSabes si est√°s corriendo con el calzado adecuado?
Spoiler: puede que no.
Por eso, llega LACE UP RUN  a ElcheüèÉ‚Äç‚ôÄÔ∏è

üìÜ jueves, 22 de mayo 
üï¢ 19:30h 
üìç Be Urban Running Elche 

- Mastertalk sobre c√≥mo elegir tus zapatillas con Carlos Sempere @podologiacs 
- Social running 7k + test (opcional) de las zapatillas On CloudSurfer 2
- Recovery By @beurbanrunning Elche üå¥

Evento mixto üèÉüèÉ‚Äç‚ôÇÔ∏è

Inscripciones en el Link de la BIO!",IMAGE,https://scontent.cdninstagram.com/v/t51.75761-15/491446360_17955748367941757_2926818848541386554_n.jpg?stp=dst-jpg_e35_tt6&_nc_cat=109&ccb=1-7&_nc_sid=18de74&_nc_ohc=k-GZ_-s6J20Q7kNvwFf05Oh&_nc_oc=AdlaL_Re7NSWcpV4FouLjkuAJB2h6svGneN7wajXQK7vB1zAszzmmLsMZskAlLf4fpo&_nc_zt=23&_nc_ht=scontent.cdninstagram.com&edm=AM6HXa8EAAAA&_nc_gid=WgijbPcvsAVm4hze8ANvuw&oh=00_AfNXpPDklIqb1Snav-YfpDe-VYwKyNzIDORaUvdUAGW3jw&oe=684CACF2,https://www.instagram.com/p/DJKEt4iCSeY/,4173,52,1,6,3,62
17984611628679723,2025-04-30 15:45:51+00:00,"üéâ El passat 13 d‚Äôabril vam celebrar el 2n aniversari de #SisterhoodRC com m√©s ens agrada: corrent juntes!
üèÉüèΩ‚Äç‚ôÄÔ∏è Aquesta vegada a la #SalomonRun Barcelona, una cursa √∫nica entre escales, vistes i bon ambient!
Gr√†cies @salomon.spain , per deixar-nos formar part d‚Äôaquest esdeveniment tan especial üíú
I gr√†cies a totes les que vau venir a compartir quil√≤metres i somriures!

#SisterhoodRunningClub #RunLikeAWoman #BarcelonaRunners #SalomonRun",VIDEO,https://instagram.fvlc4-1.fna.fbcdn.net/o1/v/t16/f2/m86/AQOC830kDXV17yTRz7iL_Cj1fh0gzRNne3wGdCmUDrWCooHZ4JtTPFUuuL52AK3rUoSDvbhjSbD8iXLU8cEhYjdvonrkfSnzsImb1Kg.mp4?efg=eyJ2ZW5jb2RlX3RhZyI6InZ0c192b2RfdXJsZ2VuLmNsaXBzLnVua25vd24tQzMuNzIwLmRhc2hfYmFzZWxpbmVfMV92MSJ9&_nc_ht=instagram.fvlc4-1.fna.fbcdn.net&edm=AM6HXa8EAAAA&_nc_gid=WgijbPcvsAVm4hze8ANvuw&_nc_cat=100&_nc_oc=AdlEKc2UFxDHds0mjaQMgxO97J1Ad5N8CQOo50ckNigw0fTGE5NgbOhCDHmQ9d7EM50&vs=3529069624066656_3635754207&_nc_vs=HBksFQIYUmlnX3hwdl9yZWVsc19wZXJtYW5lbnRfc3JfcHJvZC8yRjQ3M0UxQkU3NTNGN0NBMjA5MDRDRTczRUU0MzJBRl92aWRlb19kYXNoaW5pdC5tcDQVAALIARIAFQIYOnBhc3N0aHJvdWdoX2V2ZXJzdG9yZS9HRHlvZEIwczFHTWJKX0VEQUFPak41TUxNdlltYnFfRUFBQUYVAgLIARIAKAAYABsBiAd1c2Vfb2lsATEVAAAmkr6n4sbdo0AVAigCQzMsF0BCbMzMzMzNGBJkYXNoX2Jhc2VsaW5lXzFfdjERAHUAZeadAQA%3D&ccb=9-4&oh=00_AfNrmtui2Xjbv3hwNB2ejp0QEGAKMOsZZWU92pcP7TtopQ&oe=68489DD4&_nc_sid=1d576d,https://www.instagram.com/reel/DJE3fZ7sJTK/,3690,69,9,6,0,84
17968808441891449,2025-04-27 17:00:00+00:00,"RUNdeo ~ Run + Tardeo üèÉ‚Äç‚ôÄÔ∏èüç∑‚ú®
Divendres 9 de maig 
Social run per Girona i tardeo al @jardinsgala 

üéß DJ @didac_balaguer 
üì∏ Fot√≤graf @70pts 
üçª Begudes + pica-pica
üéÅ Sorpreses per tothom
üß• Guarda-roba i p√†rquing per bicis
üçΩÔ∏è 10% de descompte per sopar al Jardins Gala (nom√©s dient que vens del RUNdeo!)

Mixt i obert a tothom! Vens? üòç
Link per apuntar-te a la biografia",IMAGE,https://scontent.cdninstagram.com/v/t51.75761-15/491463628_17955106283941757_3937990719897309461_n.jpg?stp=dst-jpg_e35_tt6&_nc_cat=110&ccb=1-7&_nc_sid=18de74&_nc_ohc=EgIQXrYJ5rkQ7kNvwEL2037&_nc_oc=AdmnAoZQcExmRSXYrrZlfyicxxtjiMzFIJ4gz2To8_23SFKk4MGvuxkyITOhaIlEAfU&_nc_zt=23&_nc_ht=scontent.cdninstagram.com&edm=AM6HXa8EAAAA&_nc_gid=WgijbPcvsAVm4hze8ANvuw&oh=00_AfPI8axcKBbBm9K-WQ5XWd3eV0zJDsTmAEahkLbNzAaU6g&oe=684C9502,https://www.instagram.com/p/DI9SYL4s9O_/,3370,95,4,6,6,111
18040665566226629,2025-04-22 15:58:53+00:00,"Recap del AFTERWORK by @dashandstars ‚ú®
As√≠ fue nuestro planazo pre-puente:
- Vuelta al r√≠o (7k) üëü
- ü•§Recovery post-run en @achavo.bar ,nos lo ganamos!
- Buenas vibes, correr juntas siempre es mejor üíú",CAROUSEL_ALBUM,https://scontent.cdninstagram.com/v/t51.75761-15/491441102_17954688395941757_4161934560228740450_n.jpg?stp=dst-jpg_e35_tt6&_nc_cat=101&ccb=1-7&_nc_sid=18de74&_nc_ohc=UdVP_Lw4NyIQ7kNvwEgVcxF&_nc_oc=AdlAiBF_VuuChUFBHVd6JPOWYZ_04JcD6SeMa8O3WAxAluGx-HXtkkVAcbqwz22vnKk&_nc_zt=23&_nc_ht=scontent.cdninstagram.com&edm=AM6HXa8EAAAA&_nc_gid=WgijbPcvsAVm4hze8ANvuw&oh=00_AfMm4HOXLvNheKHxxW1PhfTb4qi9quzVekIoZ_GSZ2lREQ&oe=684C95B5,https://www.instagram.com/p/DIwTZXiC7yp/,2366,71,5,4,1,81
18058525082112745,2025-04-13 17:30:00+00:00,"Este jueves, en Elche, tenemos PLANAZO junto con @dashandstars 

Encontrar√°s el link con toda la info en nuestro perfil!",IMAGE,https://scontent.cdninstagram.com/v/t51.75761-15/491463525_17953767308941757_5862447310962879909_n.jpg?stp=dst-jpg_e35_tt6&_nc_cat=103&ccb=1-7&_nc_sid=18de74&_nc_ohc=GGHhSAENz5wQ7kNvwFo-oh0&_nc_oc=AdnZ6i1k-6gLcc_RbiUiWJK-G5Kwy5bndzyE8qHzy14Oea-urEG4LtB6gcDk0oxaMg4&_nc_zt=23&_nc_ht=scontent.cdninstagram.com&edm=AM6HXa8EAAAA&_nc_gid=WgijbPcvsAVm4hze8ANvuw&oh=00_AfMMjL95oD7mbZHh0SgcbEILBZNmq5LgFjxEPkJ4STFqdw&oe=684C80F4,https://www.instagram.com/p/DIZSu6xMGGc/,5366,51,0,3,3,57
18059558840281816,2025-04-02 16:54:55+00:00,Calendari d‚Äôabril üóìÔ∏è,CAROUSEL_ALBUM,https://scontent.cdninstagram.com/v/t51.75761-15/488411016_17952666683941757_958391357465921192_n.jpg?stp=dst-jpg_e35_tt6&_nc_cat=102&ccb=1-7&_nc_sid=18de74&_nc_ohc=5jo1YwLe4AgQ7kNvwE0g-Iq&_nc_oc=AdnkqspmGKGY1zs1WtxGT5CFCTHcoOyqicvwfRjRldC4YlAxizCxURrNUUKTILrHoUY&_nc_zt=23&_nc_ht=scontent.cdninstagram.com&edm=AM6HXa8EAAAA&_nc_gid=WgijbPcvsAVm4hze8ANvuw&oh=00_AfNRWV7W5Cxb3bWfBL_qywDQR5ZzSqfg68cBW9cPiFlA7g&oe=684CA303,https://www.instagram.com/p/DH856Sxs-cY/,1847,72,4,2,2,80
18009263411542423,2025-03-29 11:49:15+00:00,"üí•üèÉüèΩ‚Äç‚ôÄÔ∏èChicas de #Elche! Aqu√≠ ten√©is plan para el 6 de abril! üì¢

Os dejamos link en la bio!",CAROUSEL_ALBUM,https://scontent.cdninstagram.com/v/t51.75761-15/487302186_17952195065941757_3120567286654264409_n.jpg?stp=dst-jpg_e35_tt6&_nc_cat=109&ccb=1-7&_nc_sid=18de74&_nc_ohc=uvxh2PIOk_QQ7kNvwF4ckaV&_nc_oc=Adn7DEVlByu52YpPWIV2TCjfXfvdb91-CWDrJBsAu6T1pv0aWrfLTFNZcbtw-zpTLCE&_nc_zt=23&_nc_ht=scontent.cdninstagram.com&edm=AM6HXa8EAAAA&_nc_gid=WgijbPcvsAVm4hze8ANvuw&oh=00_AfMPJ_K-M6vQcn-E4wLBqO-ZAm9RtJ8lAvzA7HZXSVOQdA&oe=684C8918,https://www.instagram.com/p/DHyDwA-Mkzg/,2648,50,0,12,3,65
18018011849692877,2025-03-14 11:31:44+00:00,"Recap de l‚Äôesdeveniment de diumenge passat amb @personaltraininglounge ü§∏üèΩüèÉüèΩ‚Äç‚ôÄÔ∏è
Un run passat per aigua, per√≤ s√∫per disfruton üòù‚òîÔ∏è

üì∏ @70pts",CAROUSEL_ALBUM,https://scontent.cdninstagram.com/v/t51.75761-15/484483242_17950586168941757_6435020427797189423_n.jpg?stp=dst-jpg_e35_tt6&_nc_cat=111&ccb=1-7&_nc_sid=18de74&_nc_ohc=u8dE-O_3kX4Q7kNvwF4Rgxy&_nc_oc=AdlGRL2N9seaXGiGPsaovMaTR_9L7F7FDwT_fFxOKUaKxFvdFtS-WfiQewbafdUZxyA&_nc_zt=23&_nc_ht=scontent.cdninstagram.com&edm=AM6HXa8EAAAA&_nc_gid=WgijbPcvsAVm4hze8ANvuw&oh=00_AfNl5kIh6rio0TzC-E12ZdftYhqjtsRCNHkqrVVGgLRlvQ&oe=684C7BB5,https://www.instagram.com/p/DHLZ0ipM-aH/,2711,111,3,2,1,117
18072859525837001,2025-03-12 17:08:37+00:00,"V√≠deo recap de l‚Äôesdeveniment que vam fer el passat diumenge dia 9 de mar√ß per celebrar el Dia de la Dona, i amb col¬∑laboraci√≥ amb @personaltraininglounge 
üíú",VIDEO,https://instagram.fvlc4-1.fna.fbcdn.net/o1/v/t16/f2/m86/AQPPEi9sRMP7ZcFE1EWWm1Kg0KYvR4js_wB35FnYZIEOcF8zApikGO3thDUIu3vti3k2PyGFFLsEvXbXpbBajG2bdcdyj_DmHAB-I5I.mp4?efg=eyJ2ZW5jb2RlX3RhZyI6InZ0c192b2RfdXJsZ2VuLmNsaXBzLnVua25vd24tQzMuNzIwLmRhc2hfYmFzZWxpbmVfMV92MSJ9&_nc_ht=instagram.fvlc4-1.fna.fbcdn.net&edm=AM6HXa8EAAAA&_nc_gid=WgijbPcvsAVm4hze8ANvuw&_nc_cat=108&_nc_oc=Adk-U2ZbGMFx4S6bJU3Ff7NBwHaW5YjBl5am7zjjRu1870JONCFtj1LhcBDLbRHbfPg&vs=459040927199317_3647279603&_nc_vs=HBksFQIYUmlnX3hwdl9yZWVsc19wZXJtYW5lbnRfc3JfcHJvZC8xOTQ3MTc2OTA0OTUxOTQyN0Y3MENEQjgyQ0Q2M0FBQl92aWRlb19kYXNoaW5pdC5tcDQVAALIARIAFQIYOnBhc3N0aHJvdWdoX2V2ZXJzdG9yZS9HTE5QMXh4S3lzQWFXOFlCQVAza2Qyck9WdFVmYnFfRUFBQUYVAgLIARIAKAAYABsBiAd1c2Vfb2lsATEVAAAm8rbDwPaWrUAVAigCQzMsF0BBxwo9cKPXGBJkYXNoX2Jhc2VsaW5lXzFfdjERAHUAZeadAQA%3D&ccb=9-4&oh=00_AfMGpOff8rZUUUvfl7tI2wKgWVHhmHfOotdu581NWTJTuA&oe=6848A49C&_nc_sid=1d576d,https://www.instagram.com/reel/DHG15liMZpS/,4053,144,8,4,0,156
17984480525799179,2025-03-12 12:13:42+00:00,"Blabla run 

üì∏ @70pts",IMAGE,https://scontent.cdninstagram.com/v/t51.75761-15/484141680_17950355396941757_5045121493041871388_n.jpg?stp=dst-jpg_e35_tt6&_nc_cat=100&ccb=1-7&_nc_sid=18de74&_nc_ohc=UqCjvw_g6k4Q7kNvwFfAxxd&_nc_oc=AdkmaHywde9Orxe83D8chlFfcTMlCgU9CxbC4FcigyUIktRaF8aMt2cXRefXnf-hS5g&_nc_zt=23&_nc_ht=scontent.cdninstagram.com&edm=AM6HXa8EAAAA&_nc_gid=WgijbPcvsAVm4hze8ANvuw&oh=00_AfPX8Da6tKJFLux3J-gMsaicTKuAq2qShXrqrnmyL7EwAw&oe=684C93B3,https://www.instagram.com/p/DHGVCQFssC_/,1619,61,1,1,0,63
18049914785018003,2025-03-08 11:07:37+00:00,"üèÉüèΩ‚Äç‚ôÄÔ∏èüèÉüèº‚Äç‚ôÄÔ∏èAvui no correm, avui volem! üíú‚ú®

Perqu√® c√≥rrer √©s llibertat, per√≤ volar √©s saber que som imparables. 
Corrent juntes te‚Äôn adones que cada una de nosaltres t√© la seva pr√≤pia hist√≤ria: la que es posa les vambes de c√≥rrer per primer cop, la que es marca un repte i el supera, i la que no el supera, la que es lleva de matinada per sortir, la que ho fa a √∫ltima hora del vespre tot i el cansament, la que compagina fam√≠lia i feina i tot i aix√≠ troba una estoneta, per les vegades que correm amb son, amb presses o buscant un moment, i per mil coses m√©s, i tot i aix√≠, disfrutem d‚Äôaquest cam√≠! 

No correm nom√©s per arribar m√©s lluny. Correm per deixar petjada. 
Correm per totes, i juntes fem cam√≠! I avui, volem alt. üöÄüíú

Feli√ß dia de la Dona üö∫",IMAGE,https://scontent.cdninstagram.com/v/t51.75761-15/483056999_17949876389941757_8754114328254916926_n.jpg?stp=dst-jpg_e35_tt6&_nc_cat=102&ccb=1-7&_nc_sid=18de74&_nc_ohc=yFYzZ_RiU5cQ7kNvwFNZHr8&_nc_oc=AdmRnQs3A39YzZDLoUyl6bW--8e0QG8deuk9dk970FZvlirxsXYM_NU2Dlx5OhiOe1g&_nc_zt=23&_nc_ht=scontent.cdninstagram.com&edm=AM6HXa8EAAAA&_nc_gid=WgijbPcvsAVm4hze8ANvuw&oh=00_AfOfBFLY2AHogkgO3bnold5Zc7JZ2OBttVFIZhg-ZASeQw&oe=684C8E0E,https://www.instagram.com/p/DG76St4MlwS/,2382,89,4,3,0,96
17916666155965828,2025-03-03 12:26:53+00:00,"LAST CALL!! üì¢

Diumenge 9 de mar√ß i coincidint amb em cap de setmana del Dia de la Dona, farem el segon Dash and Stars run, aquest cop per Girona üèÉüèΩ‚Äç‚ôÄÔ∏è.

Escalfament previ a @personaltraininglounge , run d‚Äô 11 o 15km, tu tries! I tornarem per esmorzar totes juntes!

T‚Äôapuntes?? Tens el link a la bio! ‚úçüèº",IMAGE,https://scontent.cdninstagram.com/v/t51.75761-15/482971287_17949305042941757_2088568182783785893_n.jpg?stp=dst-jpg_e35_tt6&_nc_cat=101&ccb=1-7&_nc_sid=18de74&_nc_ohc=oFaLDuMucU4Q7kNvwGyJcvn&_nc_oc=AdkmnCyOuBoFuI6FchN9jgjzYhH9okKmWxEyNYYGPVHWkpREcT36CSQVJmhN3nbVLEE&_nc_zt=23&_nc_ht=scontent.cdninstagram.com&edm=AM6HXa8EAAAA&_nc_gid=WgijbPcvsAVm4hze8ANvuw&oh=00_AfMMJ96giP64QrNbQrCsLL-bP4H7T0-QxfZy0DeiRedjGg&oe=684CA4C3,https://www.instagram.com/p/DGvLY3sMpwn/,5465,77,2,2,5,86
17938416302972835,2025-02-27 17:50:49+00:00,"I tu, prefereixes correr sola o amb companyia? 

#sisterhood #sisterhoodrunningclub #comunidad #community #running #runningcommunity #girlsrunning",VIDEO,https://instagram.fvlc4-1.fna.fbcdn.net/o1/v/t16/f2/m86/AQNM33HeAsrxR9Lc1-eKkQV8ukXpqLwtY00doFU11ao39Jg9N2Y2BEYgisAuI3rQo_Pr4FS3noWc5Jt7rARcYzE8L0uQURquuGRE_rc.mp4?efg=eyJ2ZW5jb2RlX3RhZyI6InZ0c192b2RfdXJsZ2VuLmNsaXBzLnVua25vd24tQzMuNzIwLmRhc2hfYmFzZWxpbmVfMV92MSJ9&_nc_ht=instagram.fvlc4-1.fna.fbcdn.net&edm=AM6HXa8EAAAA&_nc_gid=WgijbPcvsAVm4hze8ANvuw&_nc_cat=110&_nc_oc=Adl-q5B7a2nsNkliUiIpfYENUQFeJDL-gD3KdItDYPAgovgcRQy1PKFDhdWwIj01auQ&vs=1716097882288476_577996505&_nc_vs=HBksFQIYUmlnX3hwdl9yZWVsc19wZXJtYW5lbnRfc3JfcHJvZC8yODRBN0NFRkJFN0Q5Qzk2OTZDRjRGNTNBOTFGRUM5OV92aWRlb19kYXNoaW5pdC5tcDQVAALIARIAFQIYOnBhc3N0aHJvdWdoX2V2ZXJzdG9yZS9HQWZCd0J4dG05WVlhZ2tPQUJORk9kYU5xMXA2YnFfRUFBQUYVAgLIARIAKAAYABsBiAd1c2Vfb2lsATEVAAAmmqWJl%2F%2Fz5z8VAigCQzMsF0AbMzMzMzMzGBJkYXNoX2Jhc2VsaW5lXzFfdjERAHUAZeadAQA%3D&ccb=9-4&oh=00_AfOac_OvLBqIn9L1AAgpLodQkkcm79Q_duhqh6rwBsFknw&oe=684886E6&_nc_sid=1d576d,https://www.instagram.com/reel/DGlc_MFsppr/,2170,80,1,3,1,85
18048199406265874,2025-02-27 17:45:46+00:00,,IMAGE,https://scontent.cdninstagram.com/v/t51.75761-15/482210973_17948861708941757_6181456427861901366_n.jpg?stp=dst-jpg_e35_tt6&_nc_cat=105&ccb=1-7&_nc_sid=18de74&_nc_ohc=vS_phrID20IQ7kNvwH0xh4w&_nc_oc=Adn2YrQ2pArb3fSvv3J678Re5F0-VNZNNZziQxRdg5pn6ytkHVlpezhPWLw4xMc6LNs&_nc_zt=23&_nc_ht=scontent.cdninstagram.com&edm=AM6HXa8EAAAA&_nc_gid=WgijbPcvsAVm4hze8ANvuw&oh=00_AfPTcwMWoZ3KXf_sgG6imTnvxNndKJqP1Y3rqLcE8g8kPg&oe=684CACFB,https://www.instagram.com/p/DGlcs_FMqiN/,1131,19,0,1,0,20
18116843077434351,2025-02-18 12:00:00+00:00,Brunch time: the real post run recovery! ü•ëüß¢,CAROUSEL_ALBUM,https://scontent.cdninstagram.com/v/t51.75761-15/480192235_17947654004941757_3090885823257753462_n.jpg?stp=dst-jpg_e35_tt6&_nc_cat=109&ccb=1-7&_nc_sid=18de74&_nc_ohc=hpuiiCY-8lQQ7kNvwGxNxz1&_nc_oc=Adnv12AN3p6tMJ6Sv5eYoIzqrUoTBwjZaeGWJWCQNKhewZc7zdECxyzsWdnoRF-NYxg&_nc_zt=23&_nc_ht=scontent.cdninstagram.com&edm=AM6HXa8EAAAA&_nc_gid=WgijbPcvsAVm4hze8ANvuw&oh=00_AfOLiMa5y0lZIfjKYXZtnaapBXjEsZpRvArTZcFnPE02Mw&oe=684CAAA4,https://www.instagram.com/p/DGNqB9BsXdf/,6065,126,0,0,4,130
17922523269042252,2025-02-17 16:50:38+00:00,"Run, laugh, repeat! 
üèÉüèΩ‚Äç‚ôÄÔ∏èüòùüíú

üì∏ @70pts",CAROUSEL_ALBUM,https://scontent.cdninstagram.com/v/t51.75761-15/480123531_17947652732941757_8081812931266326264_n.jpg?stp=dst-jpg_e35_tt6&_nc_cat=111&ccb=1-7&_nc_sid=18de74&_nc_ohc=xCZ1nv1xcZMQ7kNvwFwB20Y&_nc_oc=AdmeCHUnRUUcQllRLKMIwrzbTBdr3y-9Ix8vxRkQjy8zZpocnJeilDI0vDlQfbJwbYY&_nc_zt=23&_nc_ht=scontent.cdninstagram.com&edm=AM6HXa8EAAAA&_nc_gid=WgijbPcvsAVm4hze8ANvuw&oh=00_AfMJ3ju5S7Wyy5JLaSDoGUYNwYQj_Unc9XD7N2TgYvRwsg&oe=684C80B4,https://www.instagram.com/p/DGLmcY5s_oN/,1619,88,0,0,0,88
18081577135541698,2025-02-12 17:11:22+00:00,"Dash and Stars Run üíú

Diumenge vam viure un mati top a Banyoles amb el nostre primer Dash and Stars Run! üèÉüèΩ‚Äç‚ôÄÔ∏èüí•
Vam c√≥rrer la volta a l‚ÄôEstany (algunes dues!), vam gaudir del solet i vam fer un s√∫per brunch! ‚òÄÔ∏èü•ëüèîÔ∏è

@70pts üì∏",CAROUSEL_ALBUM,https://scontent.cdninstagram.com/v/t51.75761-15/479484535_17947065161941757_4556949584802344139_n.jpg?stp=dst-jpg_e35_tt6&_nc_cat=101&ccb=1-7&_nc_sid=18de74&_nc_ohc=_idZqrtDWlIQ7kNvwGS_BqU&_nc_oc=AdmJcnhbWLfb80SvIlCF-S-xeseJ9NIXZo_Oz_I2viINlsUJE93jxipXjUHAToxrAx8&_nc_zt=23&_nc_ht=scontent.cdninstagram.com&edm=AM6HXa8EAAAA&_nc_gid=WgijbPcvsAVm4hze8ANvuw&oh=00_AfOQryKSLczB2oCwYydYxRaL0oWGQkLFd9dWJLChFXhfGw&oe=684CA246,https://www.instagram.com/p/DF-w13WsWgP/,4764,156,7,3,4,170
18035081630201968,2025-02-10 17:47:03+00:00,"Dash and Stars Run! üíú

Quin mat√≠ m√©s top vam passar ahir a Banyoles üèÉüèΩ‚Äç‚ôÄÔ∏èüí•!
Vam fer la volta a l‚ÄôEstany (o algunes dues!!), vam gaudir d‚Äôun paisatge espectacular ‚õ∞Ô∏è, d‚Äôun solet brutal ‚òÄÔ∏è, i d‚Äôuna companyia immillorable ü•≥! I vam acabar gaudint d‚Äôun s√∫per brunch a l‚Äô @aquariumbanyoles ü•ëü•û! 

Spoiler alert üö®serem unes pesades amb les fotos taaant brutals que ens va fer @70pts 

#dashandstars #sisterhood #sisterhoodrunningclub #dashandstarsrun",VIDEO,https://instagram.fvlc4-1.fna.fbcdn.net/o1/v/t16/f2/m86/AQNL4-29lAlWGqdS1aro1uSObWQl9BS-0k1AMy6LJxz_v-1GpzfSOVVsZ_0oECZ8zVijb1FbiStFslrXySVTEfjqpI9_H7PvuoDYkZY.mp4?efg=eyJ2ZW5jb2RlX3RhZyI6InZ0c192b2RfdXJsZ2VuLmNsaXBzLnVua25vd24tQzMuNzIwLmRhc2hfYmFzZWxpbmVfMV92MSJ9&_nc_ht=instagram.fvlc4-1.fna.fbcdn.net&edm=AM6HXa8EAAAA&_nc_gid=WgijbPcvsAVm4hze8ANvuw&_nc_cat=105&_nc_oc=Adlf1EL65GGLNy6t-N439Fl1kD02i6RAMavHCR-yWeEbINbJQrmbXGZrbv-UNWSJ6YQ&vs=3848864265351623_663737781&_nc_vs=HBksFQIYUmlnX3hwdl9yZWVsc19wZXJtYW5lbnRfc3JfcHJvZC80ODQxMzdEQkI5RUVCNzRBN0RGRDA5QUMyRkI5QjY4Rl92aWRlb19kYXNoaW5pdC5tcDQVAALIARIAFQIYOnBhc3N0aHJvdWdoX2V2ZXJzdG9yZS9HTHlFY0J3UzVvTW5HRFlDQU9iTmYzdzl1azluYnFfRUFBQUYVAgLIARIAKAAYABsBiAd1c2Vfb2lsATEVAAAmlPmp%2Fo326j8VAigCQzMsF0BEkzMzMzMzGBJkYXNoX2Jhc2VsaW5lXzFfdjERAHUAZeadAQA%3D&ccb=9-4&oh=00_AfPLtDpPk6xqwRwEuoB-W_BnkSFsn1gIfE84PYAzLGwSHQ&oe=6848A56F&_nc_sid=1d576d,https://www.instagram.com/reel/DF5ptmdMMgF/,4135,112,6,9,0,127
18003654554534929,2025-02-06 16:37:12+00:00,,IMAGE,https://scontent.cdninstagram.com/v/t51.75761-15/476022232_17946377621941757_3821474820027562760_n.jpg?stp=dst-jpg_e35_tt6&_nc_cat=110&ccb=1-7&_nc_sid=18de74&_nc_ohc=W6CBCVucIOoQ7kNvwG22FTn&_nc_oc=AdlHfwujEhQNDUietUqRys_ERfrBmS970CHlrgyH0V27sGPHsp4KdLaMM6gluKwMSRM&_nc_zt=23&_nc_ht=scontent.cdninstagram.com&edm=AM6HXa8EAAAA&_nc_gid=WgijbPcvsAVm4hze8ANvuw&oh=00_AfOBz_m9RHGX5A6FFsfP9cJmZUY4qnKjQX98A-Mz6np6-A&oe=684CA521,https://www.instagram.com/p/DFvQKYksIe_/,1038,16,0,0,1,17
17852768163385860,2025-02-05 12:00:00+00:00,"Running is more than a sport
- it‚Äôs a mindset!",CAROUSEL_ALBUM,https://scontent.cdninstagram.com/v/t51.75761-15/476331005_17946051554941757_398992709253543666_n.jpg?stp=dst-jpg_e35_tt6&_nc_cat=110&ccb=1-7&_nc_sid=18de74&_nc_ohc=28VogMIc2NMQ7kNvwFgllXB&_nc_oc=AdnA5Qyte674Q8cMzQvRl3Mm5glbGChEuM-23Dm-TZp2hLsnJ7p-Yq0wKTOBe3Nj0rk&_nc_zt=23&_nc_ht=scontent.cdninstagram.com&edm=AM6HXa8EAAAA&_nc_gid=WgijbPcvsAVm4hze8ANvuw&oh=00_AfP-BFE8QgORqeuvm9bwm2wA2AavmPqzgbzJwPuTF1A3Xw&oe=684C9053,https://www.instagram.com/p/DFsLvO0M5ZS/,1516,71,0,1,0,72
17896154967053457,2025-02-04 17:25:00+00:00,Sisterhood in motion!,IMAGE,https://scontent.cdninstagram.com/v/t51.75761-15/475871060_17946051458941757_4621639170618150444_n.jpg?stp=dst-jpg_e35_tt6&_nc_cat=106&ccb=1-7&_nc_sid=18de74&_nc_ohc=G3YOUIW18jEQ7kNvwFPRrNW&_nc_oc=AdkOHtVmkEhaUKJRtSVAJfrVEn8T_4ngbUHgY6bnE7nYnHfyyJgaQXPQ-V37K8c6i7w&_nc_zt=23&_nc_ht=scontent.cdninstagram.com&edm=AM6HXa8EAAAA&_nc_gid=WgijbPcvsAVm4hze8ANvuw&oh=00_AfPvRnDgY_POM7tjChPRoLhyDMn8nQKt-mWgKU0nMtulTg&oe=684C9B7B,https://www.instagram.com/p/DFqMHNJsruy/,1114,36,1,0,0,37
18071765608702805,2025-02-03 17:02:35+00:00,Running is better with sisters by your side.,IMAGE,https://scontent.cdninstagram.com/v/t51.75761-15/476119161_17946051410941757_3856488529356588183_n.jpg?stp=dst-jpg_e35_tt6&_nc_cat=100&ccb=1-7&_nc_sid=18de74&_nc_ohc=UHHckWBug9kQ7kNvwEegtlj&_nc_oc=AdmD1cg1k8t0ndu7kCrGx_bxQjfI3JYPlAZTRAyLphCv4fMA1XcsBg58FvEGkF5SFvM&_nc_zt=23&_nc_ht=scontent.cdninstagram.com&edm=AM6HXa8EAAAA&_nc_gid=WgijbPcvsAVm4hze8ANvuw&oh=00_AfPbbaxjLs6ARWKcwmdAg1FqYX5TElGq2Aj8XPMg1zzcfA&oe=684C9154,https://www.instagram.com/p/DFnkrurMwAC/,1202,33,0,0,0,33
18065760697884908,2025-02-01 07:00:48+00:00,Sunday long runs are better with Sisterhood.,IMAGE,https://scontent.cdninstagram.com/v/t51.75761-15/475886029_17945766398941757_3710508961584780250_n.jpg?stp=dst-jpg_e35_tt6&_nc_cat=105&ccb=1-7&_nc_sid=18de74&_nc_ohc=x2EmotHQdOIQ7kNvwH-AWoJ&_nc_oc=Adnl6L5XrvWpxnukv88MeAL8mFQtftGwqKtfKbV7mSa-nJQg1GhjSRDMj49msAlomh4&_nc_zt=23&_nc_ht=scontent.cdninstagram.com&edm=AM6HXa8EAAAA&_nc_gid=WgijbPcvsAVm4hze8ANvuw&oh=00_AfPWVNUgHr6RpKybIDnM4vGx1a9BaXn_16qolathq_BiKg&oe=684C971F,https://www.instagram.com/p/DFhWOZXMYuw/,1384,57,0,0,0,57
17941819274950911,2025-01-30 12:15:44+00:00,Quan t‚Äôagrada m√©s entrenar?,IMAGE,https://scontent.cdninstagram.com/v/t51.75761-15/475754126_17945588744941757_412711553029774435_n.jpg?stp=dst-jpg_e35_tt6&_nc_cat=105&ccb=1-7&_nc_sid=18de74&_nc_ohc=CJV1TCJ9Es8Q7kNvwGvm5P4&_nc_oc=Adk49XLYd6S4ANDZQMVau4ASrE0rRt7yL40D7G4jWhQgks-TBOtPT0CbZ0SjrXMfvyg&_nc_zt=23&_nc_ht=scontent.cdninstagram.com&edm=AM6HXa8EAAAA&_nc_gid=WgijbPcvsAVm4hze8ANvuw&oh=00_AfMN-gSPpByul0HXRWWf81xYKduBWcd6smdM0TUaf8IODg&oe=684CA715,https://www.instagram.com/p/DFcwrSmsMx4/,1011,23,0,0,0,23
18477604879024537,2025-01-19 08:10:00+00:00,"Winter miles bring summer miles.
Keep running, no matter the season!",IMAGE,https://scontent.cdninstagram.com/v/t51.75761-15/474166711_17944150157941757_5394728239379913427_n.jpg?stp=dst-jpg_e35_tt6&_nc_cat=102&ccb=1-7&_nc_sid=18de74&_nc_ohc=J87ZtwB7ZF0Q7kNvwFma9qP&_nc_oc=AdlC3U9TwrFkiQivxaLTYiFozG3gyXyEqLz1aUIm8apAfkwrpfQ4B2IcUdhtrAPcViA&_nc_zt=23&_nc_ht=scontent.cdninstagram.com&edm=AM6HXa8EAAAA&_nc_gid=WgijbPcvsAVm4hze8ANvuw&oh=00_AfMXd3i_WG9-kPS-0qQXsSx7WbnrqQAwp8jSJEzt996GaA&oe=684C9914,https://www.instagram.com/p/DE__4NXs_cs/,1339,50,0,0,1,51
18161126428336026,2025-01-18 09:05:00+00:00,Running isn‚Äôt just a solo mission,IMAGE,https://scontent.cdninstagram.com/v/t51.75761-15/473732753_17944149992941757_8271690881486061493_n.jpg?stp=dst-jpg_e35_tt6&_nc_cat=103&ccb=1-7&_nc_sid=18de74&_nc_ohc=t1xdrKb1K88Q7kNvwG8-tY_&_nc_oc=AdkGwR6hWa9y6xMIBd6jrqQwQmYV7SohaPNNj_D9q_DS-BMPrZClFjc8VcK0l-2YnQA&_nc_zt=23&_nc_ht=scontent.cdninstagram.com&edm=AM6HXa8EAAAA&_nc_gid=WgijbPcvsAVm4hze8ANvuw&oh=00_AfP_HgC6PwVmcGkvp7Oe8PSnqN5UYTE2BTWTOrFMN0xkzA&oe=684CA172,https://www.instagram.com/p/DE9hWyeseCw/,1240,35,0,0,1,36
18156502240341487,2025-01-17 11:42:20+00:00,"If we are not running, we are cheering ‚úåüèº
Or both!",IMAGE,https://scontent.cdninstagram.com/v/t51.75761-15/474084454_17944149830941757_4722774595546514639_n.jpg?stp=dst-jpg_e35_tt6&_nc_cat=111&ccb=1-7&_nc_sid=18de74&_nc_ohc=y-YHRcbZ1L0Q7kNvwFqsVrO&_nc_oc=Adl9JB1bg8qBblA6coZHCtTyii-d7hH0YnR7i-xnyekG_dbC6YrjSIckjNstpOwR1og&_nc_zt=23&_nc_ht=scontent.cdninstagram.com&edm=AM6HXa8EAAAA&_nc_gid=WgijbPcvsAVm4hze8ANvuw&oh=00_AfNkTh2-xxQQdY2lX-64MUE_-nNTzXRUNuVoDFLoZFWfMA&oe=684C7D54,https://www.instagram.com/p/DE7OhMDsJED/,1333,39,0,0,0,39
18046167677471294,2024-12-30 11:44:52+00:00,"ATHLETIKS NIGHT OUT üí•

@athletiks.io",CAROUSEL_ALBUM,https://scontent.cdninstagram.com/v/t51.29350-15/470950596_979783100801585_8591210289317859023_n.jpg?stp=dst-jpg_e35_tt6&_nc_cat=102&ccb=1-7&_nc_sid=18de74&_nc_ohc=6rZqKqZ3s98Q7kNvwEsl2SD&_nc_oc=Adm_NIiHn5qaan8qEa2uEAl-35G-71LlESv8oNHMH5sjDiHzQl0HK80WhpOcQIpM6L0&_nc_zt=23&_nc_ht=scontent.cdninstagram.com&edm=AM6HXa8EAAAA&_nc_gid=WgijbPcvsAVm4hze8ANvuw&oh=00_AfPtuABuIUWkC0HdRYJGP2b5Oh8ktRBiWO-jUrneoit5UA&oe=684C9E94,https://www.instagram.com/p/DEM4gCOMliP/,2839,120,5,5,1,131
17935359800952152,2024-12-19 12:12:57+00:00,,IMAGE,https://scontent.cdninstagram.com/v/t51.29350-15/470900707_1659533918255256_408059267990975265_n.jpg?stp=dst-jpg_e35_tt6&_nc_cat=103&ccb=1-7&_nc_sid=18de74&_nc_ohc=x5oYCFCST60Q7kNvwHUPuRJ&_nc_oc=AdkddljVTFkv0DVslwTIoQKFatJuVKzmDKnqWLf4723WbO1s1Qg80k4hwGTzuqh9LPM&_nc_zt=23&_nc_ht=scontent.cdninstagram.com&edm=AM6HXa8EAAAA&_nc_gid=WgijbPcvsAVm4hze8ANvuw&oh=00_AfMElQEwbZLQ1ZKexBviPSl3lFmpyynA-O0mW_6v215ZVg&oe=684C87E0,https://www.instagram.com/p/DDwm-EpsmjH/,1615,41,0,1,3,45
18297114751225949,2024-12-19 11:33:43+00:00,Missing the summer runs,IMAGE,https://scontent.cdninstagram.com/v/t51.29350-15/470897764_1123172522524215_7529198215622393868_n.jpg?stp=dst-jpg_e35_tt6&_nc_cat=105&ccb=1-7&_nc_sid=18de74&_nc_ohc=eyFxJyAluJcQ7kNvwGYsmVG&_nc_oc=Adm1TGL5nZAuft_JUyLMComyQJRcN7ZsCr9MvaslOuhxjYlZs3vX1WyPtEVBZEBSjI4&_nc_zt=23&_nc_ht=scontent.cdninstagram.com&edm=AM6HXa8EAAAA&_nc_gid=WgijbPcvsAVm4hze8ANvuw&oh=00_AfPgpB3COxRmfI1JfzrDWpxOV8UjPKOeTE9eZ4P0JjRssw&oe=684CA155,https://www.instagram.com/p/DDwietuML-R/,1454,50,0,0,0,50
17926510886990018,2024-12-15 20:08:11+00:00,"RUN&ART

Avui hem fet la sortida pre-Xmas üéÑüéÖüèº hem fet un social run üèÉüèΩ‚Äç‚ôÄÔ∏è, despr√©s hem agafat forces amb un bon coffee i un mini brunch üí™üèº‚òïÔ∏è, i per acabar, hem pintat cer√†mica a @petals_dart üé®.
Un mat√≠ top! Gr√†cies a totes per venir üíú",VIDEO,https://instagram.fvlc4-1.fna.fbcdn.net/o1/v/t16/f2/m86/AQNe9DWinpvqUL3L10p-NVJXxwfpp-FFivGL79Ie7rbDNkbMEvQJSIoytDWX-AdGjucAA4TFSHhWeXD33IVSVMi6JnlDW5qA6fb6WbI.mp4?efg=eyJ2ZW5jb2RlX3RhZyI6InZ0c192b2RfdXJsZ2VuLmNsaXBzLnVua25vd24tQzMuMzYwLmRhc2hfYmFzZWxpbmVfM192MSJ9&_nc_ht=instagram.fvlc4-1.fna.fbcdn.net&edm=AM6HXa8EAAAA&_nc_gid=WgijbPcvsAVm4hze8ANvuw&_nc_cat=110&_nc_oc=AdmNioxw5EhD2-zLn-VY8DEZ0259OcYYXvjjMfQV8xOC7YznCLZCehdKNB-KWw50qIU&vs=1764746294274880_2347461005&_nc_vs=HBksFQIYUmlnX3hwdl9yZWVsc19wZXJtYW5lbnRfc3JfcHJvZC8yMDRBOUQ3QjM0RUU5QjY4QTFENEZGMjg4OTc3MkI4NV92aWRlb19kYXNoaW5pdC5tcDQVAALIARIAFQIYOnBhc3N0aHJvdWdoX2V2ZXJzdG9yZS9HQ1BVQlJ6VlpEYkVQd0VDQVBTR2c4QlJGa1VwYnFfRUFBQUYVAgLIARIAKAAYABsBiAd1c2Vfb2lsATEVAAAmhISxoveyl0AVAigCQzMsF0A%2BO6XjU%2FfPGBJkYXNoX2Jhc2VsaW5lXzNfdjERAHUAZeadAQA%3D&ccb=9-4&oh=00_AfM0tLhnEeuGXO6VkoZHEGNTnI2sgsyJ1tB6u2qH7tzyZw&oe=6848AC7A&_nc_sid=1d576d,https://www.instagram.com/reel/DDnJGoOxhiW/,3757,70,4,6,1,81
18054886585955152,2024-12-15 19:58:20+00:00,"Easy run and blablabla! 
That‚Äôs how we roll! üèÉ‚Äç‚ôÄÔ∏èüó£Ô∏è",IMAGE,https://scontent.cdninstagram.com/v/t51.29350-15/470663090_565106759750121_8443410744381112179_n.jpg?stp=dst-jpg_e35_tt6&_nc_cat=110&ccb=1-7&_nc_sid=18de74&_nc_ohc=FtCLZsuZZ2cQ7kNvwFZeC6g&_nc_oc=AdlkcMBU_C22zfF7sVS-JQcz_NQgHdKGEgXhdNfCiVCb0JEGlo0Ub3RIwpwr49zzBHA&_nc_zt=23&_nc_ht=scontent.cdninstagram.com&edm=AM6HXa8EAAAA&_nc_gid=WgijbPcvsAVm4hze8ANvuw&oh=00_AfNfgzuvU6OnI6mXCn2IXfslSadB7U4I-37hGow0P2u15w&oe=684C9E5C,https://www.instagram.com/p/DDnJDH-RNyA/,1718,64,1,0,0,65
18336171514146450,2024-12-07 12:32:23+00:00,"‚ö†Ô∏èS√öPER NOTICIA‚ö†Ô∏è

La comunidad Sisterhood crece, nos vamos a ELCHE! ü•≥ 

El pr√≥ximo domingo 22 de diciembre, haremos nuestra primera salida!! As√≠ que chicas de Elche, ¬°¬°nos os la pod√©is perder!!üôåüèΩ

Haremos un üèÉüèΩ‚Äç‚ôÄÔ∏èsocial run de unos 7 km pasando por el centro de Elche y por la ladera del r√≠o Vinalop√≥.
Y terminaremos la ruta en la cafeter√≠a m√°s fancy de la ciudad @flamingo.bf ‚òïÔ∏èü•êü•ûüíï

Tienes toda la info en el siguiente link! (Es imprescindible que te apuntes para asistir)

https://athletiks.io/ca/events/pre-xmas-runbrunch-elche-22-de-desembre-del-2024-4a18fe

(Lo dejamos tambi√©n en el perfil!)

As√≠ que chicas runners de Elche, nos vemos el domingo 22 con muuuchas ganas üèÉüèº‚Äç‚ôÄÔ∏èüíú",IMAGE,https://scontent.cdninstagram.com/v/t51.29350-15/469433141_425629327148918_4021919377654797827_n.jpg?stp=dst-jpg_e35_tt6&_nc_cat=101&ccb=1-7&_nc_sid=18de74&_nc_ohc=_-5O97m47CIQ7kNvwEpH50_&_nc_oc=AdkCz1y8w5Hl4n5RUi7e_m9Kb19PhmB7AGNQ0oLfws9ZuWHoEoe8EHTO_mZBOOtN1k0&_nc_zt=23&_nc_ht=scontent.cdninstagram.com&edm=AM6HXa8EAAAA&_nc_gid=WgijbPcvsAVm4hze8ANvuw&oh=00_AfPd8MBz7rptXITi3KgJq_hxLhLeAFKHkrWpkP6fgKrkQw&oe=684C822D,https://www.instagram.com/p/DDRvp-isKNy/,2835,55,4,12,3,74
17926329041881016,2024-12-06 17:29:18+00:00,,IMAGE,https://scontent.cdninstagram.com/v/t51.29350-15/469467409_569169789158557_3414021531088369271_n.jpg?stp=dst-jpg_e35_tt6&_nc_cat=110&ccb=1-7&_nc_sid=18de74&_nc_ohc=wcwiimR1Jm4Q7kNvwFl5XZK&_nc_oc=Adn5GUbkGGyFRfcPb10u6du-dOPXBXbTsr4P55DsG2IwVrjn0jPX14pNPw6AS-xzIZw&_nc_zt=23&_nc_ht=scontent.cdninstagram.com&edm=AM6HXa8EAAAA&_nc_gid=WgijbPcvsAVm4hze8ANvuw&oh=00_AfOR97HCpApxRxjp-Uc7nqYt0lpeQOCiaXbgrpyeF6Gqag&oe=684C9C34,https://www.instagram.com/p/DDPs1xRsj5_/,1000,15,0,1,0,16
18148269172344350,2024-11-28 16:59:53+00:00,Vols la nostra samarreta??,IMAGE,https://scontent.cdninstagram.com/v/t51.29350-15/468542805_3942916836027223_2838666550670866812_n.jpg?stp=dst-jpg_e35_tt6&_nc_cat=111&ccb=1-7&_nc_sid=18de74&_nc_ohc=4E8BPWf5xLoQ7kNvwEJZJgi&_nc_oc=Adn2s8NMs5B3aoMAMGSqRnVqAIrJMKFMAtHVFblVpZsxeVjCLxe5eys-FHGOZpr88Uk&_nc_zt=23&_nc_ht=scontent.cdninstagram.com&edm=AM6HXa8EAAAA&_nc_gid=WgijbPcvsAVm4hze8ANvuw&oh=00_AfMDf4q2SmTiORB6GwBN46wYSeH2mnMNEjPzXpc65uzdNw&oe=684C8911,https://www.instagram.com/p/DC7DHSXMXaP/,1074,47,1,0,0,48
18071786173616040,2024-11-25 12:49:32+00:00,"There‚Äôs no bad pace,
just the wrong mindset üëäüèº

/ foto @arnauwens /",IMAGE,https://scontent.cdninstagram.com/v/t51.29350-15/468106688_890482016542641_6712395411875007853_n.jpg?stp=dst-jpg_e35_tt6&_nc_cat=100&ccb=1-7&_nc_sid=18de74&_nc_ohc=0TYpypjaO24Q7kNvwEcKUEl&_nc_oc=Adlv8hONm3_ej5oH8BeRpjvOH5SML-w-bFsQkpo9YymYBvx5JE0MpreRaWxaN3-QuUQ&_nc_zt=23&_nc_ht=scontent.cdninstagram.com&edm=AM6HXa8EAAAA&_nc_gid=WgijbPcvsAVm4hze8ANvuw&oh=00_AfObeb3Oab060jBaFlVp5KTFCptnG0UZsOq8TSSECcpILg&oe=684C9C73,https://www.instagram.com/p/DCy4FAvMxy0/,1124,50,0,0,0,50
18020226407326144,2024-11-22 12:18:17+00:00,"Tag your running bestie 
ü§úüèºü§õüèº

/ Foto @arnauwens /",IMAGE,https://scontent.cdninstagram.com/v/t51.29350-15/467864261_539746085631482_1378435834361291217_n.jpg?stp=dst-jpg_e35_tt6&_nc_cat=101&ccb=1-7&_nc_sid=18de74&_nc_ohc=cMvcmDNxE68Q7kNvwHpdXIv&_nc_oc=AdkYuxc98DelXttiSWhxCTZnwW6cRX4cJlq8kM4BhoLpfybttPZGuaIWO2ZGOJGWas0&_nc_zt=23&_nc_ht=scontent.cdninstagram.com&edm=AM6HXa8EAAAA&_nc_gid=WgijbPcvsAVm4hze8ANvuw&oh=00_AfNDORov6pX-Yl7CUBC9A_qG3eDwFJnY3vT2tyB-NR08uA&oe=684C91C5,https://www.instagram.com/p/DCrGHglMCYf/,2246,102,6,2,0,110
18047140064038133,2024-11-20 12:13:17+00:00,"Running is empowering üí™üèºüíú

/ Foto @arnauwens /",IMAGE,https://scontent.cdninstagram.com/v/t51.29350-15/467578735_963850335567455_3887323832719477953_n.jpg?stp=dst-jpg_e35_tt6&_nc_cat=105&ccb=1-7&_nc_sid=18de74&_nc_ohc=QrV7eHpD3rsQ7kNvwHzhv7e&_nc_oc=AdnrbSubGeO_1l4Ow051CDeYU6CAbEDiv9PjdQk3QbzU5JcghiBpsFkYPO1WC0m1SIU&_nc_zt=23&_nc_ht=scontent.cdninstagram.com&edm=AM6HXa8EAAAA&_nc_gid=WgijbPcvsAVm4hze8ANvuw&oh=00_AfNxccGQkBajjkjqExhWD7R6T7xE1efI6kukxZ2TGVfWyw&oe=684C8650,https://www.instagram.com/p/DCl79JgsPeW/,1209,46,2,1,0,49
18046647160887746,2024-11-14 11:56:23+00:00,,IMAGE,https://scontent.cdninstagram.com/v/t51.29350-15/466864224_905112414929375_96680811284641564_n.jpg?stp=dst-jpg_e35_tt6&_nc_cat=107&ccb=1-7&_nc_sid=18de74&_nc_ohc=yH8HfTVEZlIQ7kNvwFAPQfa&_nc_oc=AdnlseffkEEVTiNxCD6BCq1_8pMh3Fzvzp8KDXmgKUXThx65cUsI_GHABLlZIhTELGY&_nc_zt=23&_nc_ht=scontent.cdninstagram.com&edm=AM6HXa8EAAAA&_nc_gid=WgijbPcvsAVm4hze8ANvuw&oh=00_AfMoXkYHKJcpdnFxoW40EmdtCB4EvskeY9OapZ78dYBx9Q&oe=684C9C3E,https://www.instagram.com/p/DCWdQKJMH7C/,889,23,0,0,0,23
18082219564532540,2024-11-06 12:00:00+00:00,"Setmana de sortejos! ü•≥üôåüèº

Guanya dos dorsals (un per tu i un pel teu/va acompanyant) pel 9√® Circuit de Curses Populars del Pla de l‚ÄôEstany (Banyoles, Porqueres, Cornell√† del Terri, Cam√≥s, Fontcoberta i Seriny√†)! 
Nom√©s has de:
1. Seguir a @sisterhoodrunningclub i a @ceplaestany 
2. Like a aquesta publicaci√≥ 
3. Nombra a qui liaries per fer el circuit de les 6 curses 
(Com sempre, no val repetir persones ni nombrar a comptes falsos)

Tens fins el dia 12.11 a les 23.59h per participar! Direm els dos guanyadors el dia 13.11!

Molta sort üçÄ",CAROUSEL_ALBUM,https://scontent.cdninstagram.com/v/t51.29350-15/463274349_520735534119132_9105845478078693002_n.jpg?stp=dst-jpg_e35_tt6&_nc_cat=100&ccb=1-7&_nc_sid=18de74&_nc_ohc=Y4ajv_3byBMQ7kNvwGxEfLI&_nc_oc=AdlNl8Ntu6jk4NJPNwq3YIsDmO2lTyhtpQZRBek4QczHxYZiea8ypq_0PyMtqk38tC4&_nc_zt=23&_nc_ht=scontent.cdninstagram.com&edm=AM6HXa8EAAAA&_nc_gid=WgijbPcvsAVm4hze8ANvuw&oh=00_AfN05gCkVPE9Lmm-SUs-Embcmoe7tN5WFPbtY8Ix2XDzQg&oe=684C8E42,https://www.instagram.com/p/DCB3aL_sact/,3274,178,250,3,1,432
18035753417196670,2024-11-04 14:08:32+00:00,"‚ö†Ô∏èSORTEIG TANCAT‚ö†Ô∏è

HelloüôãüèΩ‚Äç‚ôÄÔ∏è!
T‚Äôagradaria participar a la CMG by @klassmark aquest proper 17 de novembre?? 
SORTEGEM 2 DORSALS de la m√† de @suuntoesp ü•≥üí• podr√†s triar entre una de les tres dist√†ncies (50k +1300M / 20,5k +800M / 12,7k +500M)
T‚Äôho posem molt f√†cil, nom√©s has de: 

1. Seguir a @sisterhoodrunningclub @suuntoesp i @klassmark 
2. Nombrar a una persona amb qui t‚Äôagradaria c√≥rrer la cursa 

El sorteig es tancar√† el dia 7 a les 23:59h i el divendres dia 8 direm els dos guanyadors/es!",CAROUSEL_ALBUM,https://scontent.cdninstagram.com/v/t51.29350-15/465875410_1067541541618288_8179641219157261389_n.jpg?stp=dst-jpg_e35_tt6&_nc_cat=108&ccb=1-7&_nc_sid=18de74&_nc_ohc=kxwF4e2_XP4Q7kNvwFi3vhp&_nc_oc=AdnHMqv9sw1E_nslHjdzsrA5R8spWq5SDBJemc2clNkac54HFgpoiyg6gELlvDPzuZ0&_nc_zt=23&_nc_ht=scontent.cdninstagram.com&edm=AM6HXa8EAAAA&_nc_gid=WgijbPcvsAVm4hze8ANvuw&oh=00_AfPSoCNp9tlhFYvYYwv31t5andPiJ31NGKKrDVj6Od_ttw&oe=684C8512,https://www.instagram.com/p/DB88bPjsEi7/,2929,102,167,6,1,276
18045977030063525,2024-10-28 15:27:08+00:00,"Brunch post run üôåüèº with @air_nuts 

@myfoodxevents",CAROUSEL_ALBUM,https://scontent.cdninstagram.com/v/t51.29350-15/464916754_1059826922546986_9011450546352439784_n.jpg?stp=dst-jpg_e35_tt6&_nc_cat=111&ccb=1-7&_nc_sid=18de74&_nc_ohc=zr_KPxMLERcQ7kNvwEVDvko&_nc_oc=AdkDThOJ6d-6XYP--bXQxKU-2QM0os1dJu5BJsCHWZuFr2NZXV_s7uwj9ZSTQT-Blk8&_nc_zt=23&_nc_ht=scontent.cdninstagram.com&edm=AM6HXa8EAAAA&_nc_gid=WgijbPcvsAVm4hze8ANvuw&oh=00_AfOw7t44D7aFoOcCuBg3kk05_toyCq0_xP2WfYY_sRJJkg&oe=684CA11D,https://www.instagram.com/p/DBrD25tsIeM/,1522,58,4,3,1,66
18045800623858913,2024-10-23 14:32:50+00:00,,IMAGE,https://scontent.cdninstagram.com/v/t51.29350-15/464475611_1078569853880380_597180032491396163_n.jpg?stp=dst-jpg_e35_tt6&_nc_cat=102&ccb=1-7&_nc_sid=18de74&_nc_ohc=Mla-NnFvW40Q7kNvwEsro7o&_nc_oc=AdlgmY3SrnlLuegB1i7NRKkcQRjjA5sMH0jHCMLAkioAe9uAupv-OkWLFab1TlkK-hE&_nc_zt=23&_nc_ht=scontent.cdninstagram.com&edm=AM6HXa8EAAAA&_nc_gid=WgijbPcvsAVm4hze8ANvuw&oh=00_AfPlDCgZaCnVFqBB-B63Wfe_PzdgpEFrJcW6FaLtmwpMjg&oe=684C90FF,https://www.instagram.com/p/DBeFqwusRPT/,1056,21,0,0,1,22
18375408073102466,2024-10-10 14:16:32+00:00,Everything is hard before it gets easy üí™üèº,IMAGE,https://scontent.cdninstagram.com/v/t51.29350-15/462592335_414778051409845_8824481430421851638_n.jpg?stp=dst-jpg_e35_tt6&_nc_cat=106&ccb=1-7&_nc_sid=18de74&_nc_ohc=dtgpS4qmvOsQ7kNvwHj_4Vv&_nc_oc=Adm9nbMe-A18jPdJhiX9PBC30tyVC-6rvkWQVeEnJyTxcTqaypBvBHCstFHMJFfXIOI&_nc_zt=23&_nc_ht=scontent.cdninstagram.com&edm=AM6HXa8EAAAA&_nc_gid=WgijbPcvsAVm4hze8ANvuw&oh=00_AfM7Yuy9FyiG2uvvIZyFAVo05DSLtN31ANG5gZuePHo6oQ&oe=684C9464,https://www.instagram.com/p/DA8leCvsunP/,1355,74,3,0,1,78
18241871812279952,2024-09-26 10:39:25+00:00,Own your slow before you find your fast üëäüèº,IMAGE,https://scontent.cdninstagram.com/v/t51.29350-15/461310966_518343080925394_7800763311845106382_n.jpg?stp=dst-jpg_e35_tt6&_nc_cat=103&ccb=1-7&_nc_sid=18de74&_nc_ohc=pD4JcnKSMw0Q7kNvwFcP0MD&_nc_oc=AdnOxb4583c7Aw9UzWZS1Gqun_KvU921Lt3VyWbHnK-K9ybd9DGLs_0fdXJsnMYAp2w&_nc_zt=23&_nc_ht=scontent.cdninstagram.com&edm=AM6HXa8EAAAA&_nc_gid=WgijbPcvsAVm4hze8ANvuw&oh=00_AfMlAErtTmfXfyFUvz9u4Pd71JOthKms4EQfth4ip6CoXw&oe=684C7D04,https://www.instagram.com/p/DAYJfefsMho/,1193,52,0,0,2,54
